{
    "name": "root",
    "gauges": {
        "Kart.Policy.Entropy.mean": {
            "value": 2.5209572315216064,
            "min": 2.110072374343872,
            "max": 2.5452611446380615,
            "count": 93
        },
        "Kart.Policy.Entropy.sum": {
            "value": 25209.572265625,
            "min": 13438.978515625,
            "max": 26236.068359375,
            "count": 93
        },
        "Kart.Step.mean": {
            "value": 3569976.0,
            "min": 2649986.0,
            "max": 3569976.0,
            "count": 93
        },
        "Kart.Step.sum": {
            "value": 3569976.0,
            "min": 2649986.0,
            "max": 3569976.0,
            "count": 93
        },
        "Kart.Policy.ExtrinsicValueEstimate.mean": {
            "value": -6.981267929077148,
            "min": -9.181306838989258,
            "max": 2.9636361598968506,
            "count": 93
        },
        "Kart.Policy.ExtrinsicValueEstimate.sum": {
            "value": -1815.129638671875,
            "min": -2377.19873046875,
            "max": 521.5999755859375,
            "count": 93
        },
        "Kart.Environment.EpisodeLength.mean": {
            "value": 87.66666666666667,
            "min": 59.27272727272727,
            "max": 399.0,
            "count": 93
        },
        "Kart.Environment.EpisodeLength.sum": {
            "value": 10520.0,
            "min": 3990.0,
            "max": 11970.0,
            "count": 93
        },
        "Kart.Environment.CumulativeReward.mean": {
            "value": -19.511957876880963,
            "min": -99.16466189175844,
            "max": 48.99999453499913,
            "count": 93
        },
        "Kart.Environment.CumulativeReward.sum": {
            "value": -2341.4349452257156,
            "min": -4041.41983166337,
            "max": 1400.0148664340377,
            "count": 93
        },
        "Kart.Policy.ExtrinsicReward.mean": {
            "value": -19.511957876880963,
            "min": -99.16466189175844,
            "max": 48.99999453499913,
            "count": 93
        },
        "Kart.Policy.ExtrinsicReward.sum": {
            "value": -2341.4349452257156,
            "min": -4041.41983166337,
            "max": 1400.0148664340377,
            "count": 93
        },
        "Kart.IsTraining.mean": {
            "value": 1.0,
            "min": 1.0,
            "max": 1.0,
            "count": 93
        },
        "Kart.IsTraining.sum": {
            "value": 1.0,
            "min": 1.0,
            "max": 1.0,
            "count": 93
        },
        "Kart.Losses.PolicyLoss.mean": {
            "value": 0.020910773216746746,
            "min": 0.013880515067527691,
            "max": 0.03241547203312318,
            "count": 86
        },
        "Kart.Losses.PolicyLoss.sum": {
            "value": 0.020910773216746746,
            "min": 0.013880515067527691,
            "max": 0.03241547203312318,
            "count": 86
        },
        "Kart.Losses.ValueLoss.mean": {
            "value": 84.23355560302734,
            "min": 20.940137545267742,
            "max": 97.72058842976888,
            "count": 86
        },
        "Kart.Losses.ValueLoss.sum": {
            "value": 84.23355560302734,
            "min": 20.940137545267742,
            "max": 97.72058842976888,
            "count": 86
        },
        "Kart.Policy.LearningRate.mean": {
            "value": 0.0002999997863400713,
            "min": 0.0002999997863400713,
            "max": 0.00029999984066105315,
            "count": 86
        },
        "Kart.Policy.LearningRate.sum": {
            "value": 0.0002999997863400713,
            "min": 0.0002999997863400713,
            "max": 0.00029999984066105315,
            "count": 86
        },
        "Kart.Policy.Epsilon.mean": {
            "value": 0.19999992877999992,
            "min": 0.19999992877999992,
            "max": 0.199999946887,
            "count": 86
        },
        "Kart.Policy.Epsilon.sum": {
            "value": 0.19999992877999992,
            "min": 0.19999992877999992,
            "max": 0.199999946887,
            "count": 86
        },
        "Kart.Policy.Beta.mean": {
            "value": 0.004999996446122002,
            "min": 0.004999996446122002,
            "max": 0.004999997349661302,
            "count": 86
        },
        "Kart.Policy.Beta.sum": {
            "value": 0.004999996446122002,
            "min": 0.004999996446122002,
            "max": 0.004999997349661302,
            "count": 86
        }
    },
    "metadata": {
        "timer_format_version": "0.1.0",
        "start_time_seconds": "1652185314",
        "python_version": "3.9.6 (tags/v3.9.6:db3ff76, Jun 28 2021, 15:26:21) [MSC v.1929 64 bit (AMD64)]",
        "command_line_arguments": "C:\\Users\\s1706262\\Desktop\\Masters\\MachineLearningAssignment\\venv\\Scripts\\mlagents-learn results\\KartRacing\\KartRacing.yaml --run-id=KartRacing --resume",
        "mlagents_version": "0.28.0",
        "mlagents_envs_version": "0.28.0",
        "communication_protocol_version": "1.5.0",
        "pytorch_version": "1.10.2+cu113",
        "numpy_version": "1.22.2",
        "end_time_seconds": "1652186253"
    },
    "total": 938.9942798000001,
    "count": 1,
    "self": 0.004018000000087341,
    "children": {
        "run_training.setup": {
            "total": 0.12201879999999998,
            "count": 1,
            "self": 0.12201879999999998
        },
        "TrainerController.start_learning": {
            "total": 938.868243,
            "count": 1,
            "self": 1.2559608000212847,
            "children": {
                "TrainerController._reset_env": {
                    "total": 7.870453400000001,
                    "count": 1,
                    "self": 7.870453400000001
                },
                "TrainerController.advance": {
                    "total": 929.6308941999787,
                    "count": 93161,
                    "self": 1.318325599990203,
                    "children": {
                        "env_step": {
                            "total": 768.2873459999872,
                            "count": 93161,
                            "self": 468.6954248999952,
                            "children": {
                                "SubprocessEnvManager._take_step": {
                                    "total": 298.72845000000507,
                                    "count": 93161,
                                    "self": 4.023594900009812,
                                    "children": {
                                        "TorchPolicy.evaluate": {
                                            "total": 294.70485509999526,
                                            "count": 92657,
                                            "self": 70.30641709998551,
                                            "children": {
                                                "TorchPolicy.sample_actions": {
                                                    "total": 224.39843800000975,
                                                    "count": 92657,
                                                    "self": 224.39843800000975
                                                }
                                            }
                                        }
                                    }
                                },
                                "workers": {
                                    "total": 0.8634710999869508,
                                    "count": 93160,
                                    "self": 0.0,
                                    "children": {
                                        "worker_root": {
                                            "total": 926.2579810000042,
                                            "count": 93160,
                                            "is_parallel": true,