{
    "name": "root",
    "gauges": {
        "Kart.Policy.Entropy.mean": {
            "value": 2.0051701068878174,
            "min": 1.9595906734466553,
            "max": 2.046741247177124,
            "count": 12
        },
        "Kart.Policy.Entropy.sum": {
            "value": 19891.287109375,
            "min": 18901.162109375,
            "max": 20303.673828125,
            "count": 12
        },
        "Kart.Step.mean": {
            "value": 7379980.0,
            "min": 7269938.0,
            "max": 7379980.0,
            "count": 12
        },
        "Kart.Step.sum": {
            "value": 7379980.0,
            "min": 7269938.0,
            "max": 7379980.0,
            "count": 12
        },
        "Kart.Policy.ExtrinsicValueEstimate.mean": {
            "value": -1.4604449272155762,
            "min": -3.5890941619873047,
            "max": -0.9126902222633362,
            "count": 12
        },
        "Kart.Policy.ExtrinsicValueEstimate.sum": {
            "value": -249.736083984375,
            "min": -642.4478759765625,
            "max": -137.81622314453125,
            "count": 12
        },
        "Kart.Environment.EpisodeLength.mean": {
            "value": 399.0,
            "min": 59.27272727272727,
            "max": 399.0,
            "count": 12
        },
        "Kart.Environment.EpisodeLength.sum": {
            "value": 7980.0,
            "min": 6520.0,
            "max": 11970.0,
            "count": 12
        },
        "Kart.Environment.CumulativeReward.mean": {
            "value": -0.9980000704526901,
            "min": -9.240409097210927,
            "max": -0.9980000704526901,
            "count": 12
        },
        "Kart.Environment.CumulativeReward.sum": {
            "value": -19.960001409053802,
            "min": -1026.4349959045649,
            "max": -19.960001409053802,
            "count": 12
        },
        "Kart.Policy.ExtrinsicReward.mean": {
            "value": -0.9980000704526901,
            "min": -9.240409097210927,
            "max": -0.9980000704526901,
            "count": 12
        },
        "Kart.Policy.ExtrinsicReward.sum": {
            "value": -19.960001409053802,
            "min": -1026.4349959045649,
            "max": -19.960001409053802,
            "count": 12
        },
        "Kart.IsTraining.mean": {
            "value": 1.0,
            "min": 1.0,
            "max": 1.0,
            "count": 12
        },
        "Kart.IsTraining.sum": {
            "value": 1.0,
            "min": 1.0,
            "max": 1.0,
            "count": 12
        },
        "Kart.Losses.PolicyLoss.mean": {
            "value": 0.025226485387732586,
            "min": 0.017758950249602397,
            "max": 0.03191956249065697,
            "count": 11
        },
        "Kart.Losses.PolicyLoss.sum": {
            "value": 0.025226485387732586,
            "min": 0.017758950249602397,
            "max": 0.03191956249065697,
            "count": 11
        },
        "Kart.Losses.ValueLoss.mean": {
            "value": 0.013504943034301201,
            "min": 0.00956955283569793,
            "max": 3.391548220316569,
            "count": 11
        },
        "Kart.Losses.ValueLoss.sum": {
            "value": 0.013504943034301201,
            "min": 0.00956955283569793,
            "max": 3.391548220316569,
            "count": 11
        },
        "Kart.Policy.LearningRate.mean": {
            "value": 0.0002999995573127075,
            "min": 0.0002999995573127075,
            "max": 0.0002999995636925054,
            "count": 11
        },
        "Kart.Policy.LearningRate.sum": {
            "value": 0.0002999995573127075,
            "min": 0.0002999995573127075,
            "max": 0.0002999995636925054,
            "count": 11
        },
        "Kart.Policy.Epsilon.mean": {
            "value": 0.19999985243751997,
            "min": 0.19999985243751997,
            "max": 0.19999985456412,
            "count": 11
        },
        "Kart.Policy.Epsilon.sum": {
            "value": 0.19999985243751997,
            "min": 0.19999985243751997,
            "max": 0.19999985456412,
            "count": 11
        },
        "Kart.Policy.Beta.mean": {
            "value": 0.004999992636632248,
            "min": 0.004999992636632248,
            "max": 0.004999992742749589,
            "count": 11
        },
        "Kart.Policy.Beta.sum": {
            "value": 0.004999992636632248,
            "min": 0.004999992636632248,
            "max": 0.004999992742749589,
            "count": 11
        }
    },
    "metadata": {
        "timer_format_version": "0.1.0",
        "start_time_seconds": "1652868462",
        "python_version": "3.9.6 (tags/v3.9.6:db3ff76, Jun 28 2021, 15:26:21) [MSC v.1929 64 bit (AMD64)]",
        "command_line_arguments": "C:\\Users\\s1706262\\Desktop\\Masters\\MachineLearningAssignment\\venv\\Scripts\\mlagents-learn results\\KartRacing\\KartRacing.yaml --run-id=KartRacing --resume",
        "mlagents_version": "0.28.0",
        "mlagents_envs_version": "0.28.0",
        "communication_protocol_version": "1.5.0",
        "pytorch_version": "1.10.2+cu113",
        "numpy_version": "1.22.2",
        "end_time_seconds": "1652868593"
    },
    "total": 131.670617,
    "count": 1,
    "self": 0.004431699999997818,
    "children": {
        "run_training.setup": {
            "total": 0.12939630000000002,
            "count": 1,
            "self": 0.12939630000000002
        },
        "TrainerController.start_learning": {
            "total": 131.536789,
            "count": 1,
            "self": 0.16371110000071099,
            "children": {
                "TrainerController._reset_env": {
                    "total": 8.4512154,
                    "count": 1,
                    "self": 8.4512154
                },
                "TrainerController.advance": {
                    "total": 122.76271529999927,
                    "count": 12140,
                    "self": 0.17259949999930768,
                    "children": {
                        "env_step": {
                            "total": 101.57530969999938,
                            "count": 12140,
                            "self": 58.77297179999947,
                            "children": {
                                "SubprocessEnvManager._take_step": {
                                    "total": 42.6885631999995,
                                    "count": 12140,
                                    "self": 0.538665799999329,
                                    "children": {
                                        "TorchPolicy.evaluate": {
                                            "total": 42.14989740000017,
                                            "count": 12089,
                                            "self": 10.210128300000278,
                                            "children": {
                                                "TorchPolicy.sample_actions": {
                                                    "total": 31.939769099999893,
                                                    "count": 12089,
                                                    "self": 31.939769099999893
                                                }
                                            }
                                        }
                                    }
                                },
                                "workers": {
                                    "total": 0.11377470000041612,
                                    "count": 12140,
                                    "self": 0.0,
                                    "children": {
                                        "worker_root": {
                                            "total": 123.9236878999996,
                                            "count": 12140,
                                            "is_parallel": true,