{
    "name": "root",
    "gauges": {
        "Kart.Policy.Entropy.mean": {
            "value": 2.0399506092071533,
            "min": 2.0399506092071533,
            "max": 2.0399506092071533,
            "count": 1
        },
        "Kart.Policy.Entropy.sum": {
            "value": 13382.076171875,
            "min": 13382.076171875,
            "max": 13382.076171875,
            "count": 1
        },
        "Kart.Step.mean": {
            "value": 7259954.0,
            "min": 7259954.0,
            "max": 7259954.0,
            "count": 1
        },
        "Kart.Step.sum": {
            "value": 7259954.0,
            "min": 7259954.0,
            "max": 7259954.0,
            "count": 1
        },
        "Kart.Policy.ExtrinsicValueEstimate.mean": {
            "value": -0.14512145519256592,
            "min": -0.14512145519256592,
            "max": -0.14512145519256592,
            "count": 1
        },
        "Kart.Policy.ExtrinsicValueEstimate.sum": {
            "value": -14.512145042419434,
            "min": -14.512145042419434,
            "max": -14.512145042419434,
            "count": 1
        },
        "Kart.Environment.EpisodeLength.mean": {
            "value": 399.0,
            "min": 399.0,
            "max": 399.0,
            "count": 1
        },
        "Kart.Environment.EpisodeLength.sum": {
            "value": 3990.0,
            "min": 3990.0,
            "max": 3990.0,
            "count": 1
        },
        "Kart.Environment.CumulativeReward.mean": {
            "value": -1.0000000707805157,
            "min": -1.0000000707805157,
            "max": -1.0000000707805157,
            "count": 1
        },
        "Kart.Environment.CumulativeReward.sum": {
            "value": -10.000000707805157,
            "min": -10.000000707805157,
            "max": -10.000000707805157,
            "count": 1
        },
        "Kart.Policy.ExtrinsicReward.mean": {
            "value": -1.0000000707805157,
            "min": -1.0000000707805157,
            "max": -1.0000000707805157,
            "count": 1
        },
        "Kart.Policy.ExtrinsicReward.sum": {
            "value": -10.000000707805157,
            "min": -10.000000707805157,
            "max": -10.000000707805157,
            "count": 1
        },
        "Kart.IsTraining.mean": {
            "value": 1.0,
            "min": 1.0,
            "max": 1.0,
            "count": 1
        },
        "Kart.IsTraining.sum": {
            "value": 1.0,
            "min": 1.0,
            "max": 1.0,
            "count": 1
        }
    },
    "metadata": {
        "timer_format_version": "0.1.0",
        "start_time_seconds": "1652528495",
        "python_version": "3.9.6 (tags/v3.9.6:db3ff76, Jun 28 2021, 15:26:21) [MSC v.1929 64 bit (AMD64)]",
        "command_line_arguments": "C:\\Users\\s1706262\\Desktop\\Masters\\MachineLearningAssignment\\venv\\Scripts\\mlagents-learn results\\KartRacing\\KartRacing.yaml --run-id=KartRacing --resume",
        "mlagents_version": "0.28.0",
        "mlagents_envs_version": "0.28.0",
        "communication_protocol_version": "1.5.0",
        "pytorch_version": "1.10.2+cu113",
        "numpy_version": "1.22.2",
        "end_time_seconds": "1652528568"
    },
    "total": 73.3647627,
    "count": 1,
    "self": 0.004281300000002375,
    "children": {
        "run_training.setup": {
            "total": 0.12141380000000002,
            "count": 1,
            "self": 0.12141380000000002
        },
        "TrainerController.start_learning": {
            "total": 73.2390676,
            "count": 1,
            "self": 0.010529300000030162,
            "children": {
                "TrainerController._reset_env": {
                    "total": 7.6033707999999995,
                    "count": 1,
                    "self": 7.6033707999999995
                },
                "TrainerController.advance": {
                    "total": 65.45377469999998,
                    "count": 731,
                    "self": 0.009832000000031371,
                    "children": {
                        "env_step": {
                            "total": 65.06446199999996,
                            "count": 731,
                            "self": 62.312480899999926,
                            "children": {
                                "SubprocessEnvManager._take_step": {
                                    "total": 2.7457859000000173,
                                    "count": 731,
                                    "self": 0.032009700000029895,
                                    "children": {
                                        "TorchPolicy.evaluate": {
                                            "total": 2.7137761999999874,
                                            "count": 731,
                                            "self": 0.5659862000000011,
                                            "children": {
                                                "TorchPolicy.sample_actions": {
                                                    "total": 2.1477899999999863,
                                                    "count": 731,
                                                    "self": 2.1477899999999863
                                                }
                                            }
                                        }
                                    }
                                },
                                "workers": {
                                    "total": 0.006195200000021828,
                                    "count": 730,
                                    "self": 0.0,
                                    "children": {
                                        "worker_root": {
                                            "total": 8.915140100000004,
                                            "count": 730,
                                            "is_parallel": true,
                                            "self": 5.047318400000033,
                                            "children": {
                                                "steps_from_proto": {
                                                    "total": 0.00041020000000013823,
                                                    "count": 1,
                                                    "is_parallel": true,
                                                    "self": 0.000192500000000706,
                                                    "children": {
                                                        "_process_rank_one_or_two_observation": {
                                                            "total": 0.00021769999999943224,
                                                            "count": 2,
                                                            "is_parallel": true,
                                                            "self": 0.00021769999999943224
                                                        }
                                                    }
                                                },
                                                "UnityEnvironment.step": {
                                                    "total": 3.867411499999971,
                                                    "count": 730,
                                                    "is_parallel": true,
                                                    "self": 0.05556570000001315,
                                                    "children": {
                                                        "UnityEnvironment._generate_step_input": {
                                                            "total": 0.08384959999999175,
                                                            "count": 730,
                                                            "is_parallel": true,