{
    "name": "root",
    "gauges": {
        "Shooter.Policy.Entropy.mean": {
            "value": 3.929135417024554e-08,
            "min": -1.1920928244535389e-07,
            "max": 2.002122640609741,
            "count": 5417
        },
        "Shooter.Policy.Entropy.sum": {
            "value": 8.046869334066287e-05,
            "min": -0.00024414061044808477,
            "max": 4100.34716796875,
            "count": 5417
        },
        "Shooter.Step.mean": {
            "value": 5416996.0,
            "min": 992.0,
            "max": 5416996.0,
            "count": 5417
        },
        "Shooter.Step.sum": {
            "value": 5416996.0,
            "min": 992.0,
            "max": 5416996.0,
            "count": 5417
        },
        "Shooter.Policy.ExtrinsicValueEstimate.mean": {
            "value": -0.1163078024983406,
            "min": -0.8718656301498413,
            "max": 2.8802032470703125,
            "count": 5417
        },
        "Shooter.Policy.ExtrinsicValueEstimate.sum": {
            "value": -3.7218496799468994,
            "min": -27.899700164794922,
            "max": 89.28630065917969,
            "count": 5417
        },
        "Shooter.Losses.PolicyLoss.mean": {
            "value": 0.1341400102373729,
            "min": 0.09455841924983444,
            "max": 0.18714369141042797,
            "count": 5417
        },
        "Shooter.Losses.PolicyLoss.sum": {
            "value": 0.2682800204747458,
            "min": 0.10284844914279065,
            "max": 0.37428738282085594,
            "count": 5417
        },
        "Shooter.Losses.ValueLoss.mean": {
            "value": 0.016505426951074192,
            "min": 7.719945288073643e-08,
            "max": 38.823068117041984,
            "count": 5417
        },
        "Shooter.Losses.ValueLoss.sum": {
            "value": 0.033010853902148383,
            "min": 7.719945288073643e-08,
            "max": 77.64613623408397,
            "count": 5417
        },
        "Shooter.Policy.LearningRate.mean": {
            "value": 0.0010000000000000005,
            "min": 0.0010000000000000005,
            "max": 0.0010000000000000005,
            "count": 5417
        },
        "Shooter.Policy.LearningRate.sum": {
            "value": 0.002000000000000001,
            "min": 0.0010000000000000005,
            "max": 0.002000000000000001,
            "count": 5417
        },
        "Shooter.Policy.Epsilon.mean": {
            "value": 0.2999999999999998,
            "min": 0.29999999999999977,
            "max": 0.29999999999999993,
            "count": 5417
        },
        "Shooter.Policy.Epsilon.sum": {
            "value": 0.5999999999999996,
            "min": 0.29999999999999977,
            "max": 0.5999999999999996,
            "count": 5417
        },
        "Shooter.Policy.Beta.mean": {
            "value": 0.004999999999999999,
            "min": 0.004999999999999999,
            "max": 0.005,
            "count": 5417
        },
        "Shooter.Policy.Beta.sum": {
            "value": 0.009999999999999998,
            "min": 0.004999999999999999,
            "max": 0.01,
            "count": 5417
        },
        "Shooter.IsTraining.mean": {
            "value": 1.0,
            "min": 1.0,
            "max": 1.0,
            "count": 5417
        },
        "Shooter.IsTraining.sum": {
            "value": 1.0,
            "min": 1.0,
            "max": 1.0,
            "count": 5417
        },
        "Shooter.Environment.EpisodeLength.mean": {
            "value": 1502.0,
            "min": 27.0,
            "max": 3006.0,
            "count": 3539
        },
        "Shooter.Environment.EpisodeLength.sum": {
            "value": 3004.0,
            "min": 54.0,
            "max": 6012.0,
            "count": 3539
        },
        "Shooter.Self-play.ELO.mean": {
            "value": 509.07112508619235,
            "min": 509.07112508619235,
            "max": 799.5,
            "count": 3539
        },
        "Shooter.Self-play.ELO.sum": {
            "value": 509.07112508619235,
            "min": 509.07112508619235,
            "max": 799.5,
            "count": 3539
        },
        "Shooter.Environment.CumulativeReward.mean": {
            "value": -2.0,
            "min": -14.357284411787987,
            "max": 288.1464376449585,
            "count": 3539
        },
        "Shooter.Environment.CumulativeReward.sum": {
            "value": -2.0,
            "min": -14.357284411787987,
            "max": 288.1464376449585,
            "count": 3539
        },
        "Shooter.Policy.ExtrinsicReward.mean": {
            "value": -2.0,
            "min": -14.357284411787987,
            "max": 288.1464376449585,
            "count": 3539
        },
        "Shooter.Policy.ExtrinsicReward.sum": {
            "value": -2.0,
            "min": -14.357284411787987,
            "max": 288.1464376449585,
            "count": 3539
        }
    },
    "metadata": {
        "timer_format_version": "0.1.0",
        "start_time_seconds": "1652470731",
        "python_version": "3.9.6 (tags/v3.9.6:db3ff76, Jun 28 2021, 15:26:21) [MSC v.1929 64 bit (AMD64)]",
        "command_line_arguments": "C:\\Users\\s1706262\\Desktop\\Masters\\MachineLearningAssignment\\venv\\Scripts\\mlagents-learn results\\Shooter\\Shooter.yaml --run-id=Shooter --force",
        "mlagents_version": "0.28.0",
        "mlagents_envs_version": "0.28.0",
        "communication_protocol_version": "1.5.0",
        "pytorch_version": "1.10.2+cu113",
        "numpy_version": "1.22.2",
        "end_time_seconds": "1652516278"
    },
    "total": 45547.3612622,
    "count": 1,
    "self": 0.005401700000220444,
    "children": {
        "run_training.setup": {
            "total": 0.120506,
            "count": 1,
            "self": 0.120506
        },
        "TrainerController.start_learning": {
            "total": 45547.2353545,
            "count": 1,
            "self": 68.25460329260386,
            "children": {
                "TrainerController._reset_env": {
                    "total": 7.046272400016795,
                    "count": 55,
                    "self": 7.046272400016795
                },
                "TrainerController.advance": {
                    "total": 45471.83526860738,
                    "count": 5420170,
                    "self": 63.569118597806664,
                    "children": {
                        "env_step": {
                            "total": 38258.190935203624,
                            "count": 5420170,
                            "self": 23316.314001599632,
                            "children": {
                                "SubprocessEnvManager._take_step": {
                                    "total": 14898.756257997975,
                                    "count": 5420170,
                                    "self": 350.6453434919058,
                                    "children": {
                                        "TorchPolicy.evaluate": {
                                            "total": 14548.11091450607,
                                            "count": 10834628,
                                            "self": 5626.604212706121,
                                            "children": {
                                                "TorchPolicy.sample_actions": {
                                                    "total": 8921.506701799948,
                                                    "count": 10834628,
                                                    "self": 8921.506701799948
                                                }
                                            }
                                        }
                                    }
                                },
                                "workers": {
                                    "total": 43.120675606018395,
                                    "count": 5420169,