{
    "name": "root",
    "gauges": {
        "Shooter.Policy.Entropy.mean": {
            "value": 1.67518150806427,
            "min": 1.6590564250946045,
            "max": 2.0007200241088867,
            "count": 13
        },
        "Shooter.Policy.Entropy.sum": {
            "value": 3323.56005859375,
            "min": 3291.56787109375,
            "max": 4097.474609375,
            "count": 13
        },
        "Shooter.Step.mean": {
            "value": 12977.0,
            "min": 992.0,
            "max": 12977.0,
            "count": 13
        },
        "Shooter.Step.sum": {
            "value": 12977.0,
            "min": 992.0,
            "max": 12977.0,
            "count": 13
        },
        "Shooter.Policy.ExtrinsicValueEstimate.mean": {
            "value": -0.18448874354362488,
            "min": -0.5676803588867188,
            "max": -0.0737413689494133,
            "count": 13
        },
        "Shooter.Policy.ExtrinsicValueEstimate.sum": {
            "value": -5.719151020050049,
            "min": -18.165771484375,
            "max": -2.285982370376587,
            "count": 13
        },
        "Shooter.Losses.PolicyLoss.mean": {
            "value": 0.1481852248377566,
            "min": 0.1251622563650628,
            "max": 0.17080988998900504,
            "count": 13
        },
        "Shooter.Losses.PolicyLoss.sum": {
            "value": 0.1481852248377566,
            "min": 0.1251622563650628,
            "max": 0.3416197799780101,
            "count": 13
        },
        "Shooter.Losses.ValueLoss.mean": {
            "value": 0.00941660732184703,
            "min": 0.0013581697207615327,
            "max": 0.13989809454426544,
            "count": 13
        },
        "Shooter.Losses.ValueLoss.sum": {
            "value": 0.00941660732184703,
            "min": 0.0027163394415230654,
            "max": 0.20866416571583568,
            "count": 13
        },
        "Shooter.Policy.LearningRate.mean": {
            "value": 0.0010000000000000005,
            "min": 0.0010000000000000005,
            "max": 0.0010000000000000005,
            "count": 13
        },
        "Shooter.Policy.LearningRate.sum": {
            "value": 0.0010000000000000005,
            "min": 0.0010000000000000005,
            "max": 0.002000000000000001,
            "count": 13
        },
        "Shooter.Policy.Epsilon.mean": {
            "value": 0.29999999999999993,
            "min": 0.29999999999999977,
            "max": 0.29999999999999993,
            "count": 13
        },
        "Shooter.Policy.Epsilon.sum": {
            "value": 0.29999999999999993,
            "min": 0.29999999999999977,
            "max": 0.5999999999999996,
            "count": 13
        },
        "Shooter.Policy.Beta.mean": {
            "value": 0.004999999999999999,
            "min": 0.004999999999999999,
            "max": 0.005,
            "count": 13
        },
        "Shooter.Policy.Beta.sum": {
            "value": 0.004999999999999999,
            "min": 0.004999999999999999,
            "max": 0.01,
            "count": 13
        },
        "Shooter.IsTraining.mean": {
            "value": 1.0,
            "min": 1.0,
            "max": 1.0,
            "count": 13
        },
        "Shooter.IsTraining.sum": {
            "value": 1.0,
            "min": 1.0,
            "max": 1.0,
            "count": 13
        },
        "Shooter.Environment.EpisodeLength.mean": {
            "value": 3002.0,
            "min": 3002.0,
            "max": 3006.0,
            "count": 4
        },
        "Shooter.Environment.EpisodeLength.sum": {
            "value": 6004.0,
            "min": 6004.0,
            "max": 6012.0,
            "count": 4
        },
        "Shooter.Self-play.ELO.mean": {
            "value": 798.0086179957033,
            "min": 798.0086179957033,
            "max": 799.5,
            "count": 4
        },
        "Shooter.Self-play.ELO.sum": {
            "value": 798.0086179957033,
            "min": 798.0086179957033,
            "max": 799.5,
            "count": 4
        },
        "Shooter.Environment.CumulativeReward.mean": {
            "value": -5.199999809265137,
            "min": -39.44999751448631,
            "max": -5.199999809265137,
            "count": 4
        },
        "Shooter.Environment.CumulativeReward.sum": {
            "value": -5.199999809265137,
            "min": -39.44999751448631,
            "max": -5.199999809265137,
            "count": 4
        },
        "Shooter.Policy.ExtrinsicReward.mean": {
            "value": -5.199999809265137,
            "min": -39.44999751448631,
            "max": -5.199999809265137,
            "count": 4
        },
        "Shooter.Policy.ExtrinsicReward.sum": {
            "value": -5.199999809265137,
            "min": -39.44999751448631,
            "max": -5.199999809265137,
            "count": 4
        }
    },
    "metadata": {
        "timer_format_version": "0.1.0",
        "start_time_seconds": "1652869328",
        "python_version": "3.9.6 (tags/v3.9.6:db3ff76, Jun 28 2021, 15:26:21) [MSC v.1929 64 bit (AMD64)]",
        "command_line_arguments": "C:\\Users\\s1706262\\Desktop\\Masters\\MachineLearningAssignment\\venv\\Scripts\\mlagents-learn results\\Shooter\\Shooter.yaml --run-id=Shooter --force",
        "mlagents_version": "0.28.0",
        "mlagents_envs_version": "0.28.0",
        "communication_protocol_version": "1.5.0",
        "pytorch_version": "1.10.2+cu113",
        "numpy_version": "1.22.2",
        "end_time_seconds": "1652869554"
    },
    "total": 225.5608657,
    "count": 1,
    "self": 0.00446199999998953,
    "children": {
        "run_training.setup": {
            "total": 0.12190350000000016,
            "count": 1,
            "self": 0.12190350000000016
        },
        "TrainerController.start_learning": {
            "total": 225.4345002,
            "count": 1,
            "self": 0.18934039999879815,
            "children": {
                "TrainerController._reset_env": {
                    "total": 33.23966,
                    "count": 1,
                    "self": 33.23966
                },
                "TrainerController.advance": {
                    "total": 191.86223270000121,
                    "count": 13401,
                    "self": 0.16903570000184232,
                    "children": {
                        "env_step": {
                            "total": 171.6569878999997,
                            "count": 13401,
                            "self": 127.42095210000042,
                            "children": {
                                "SubprocessEnvManager._take_step": {
                                    "total": 44.12211730000036,
                                    "count": 13401,
                                    "self": 0.9100210000000288,
                                    "children": {
                                        "TorchPolicy.evaluate": {
                                            "total": 43.21209630000033,
                                            "count": 26794,
                                            "self": 18.320618200002322,
                                            "children": {
                                                "TorchPolicy.sample_actions": {
                                                    "total": 24.89147809999801,
                                                    "count": 26794,
                                                    "self": 24.89147809999801
                                                }
                                            }
                                        }
                                    }
                                },
                                "workers": {
                                    "total": 0.113918499998924,
                                    "count": 13400,
                                    "self": 0.0,