{
    "name": "root",
    "gauges": {
        "Shooter.Policy.Entropy.mean": {
            "value": 1.9024966955184937,
            "min": 1.8168246746063232,
            "max": 2.042513847351074,
            "count": 6
        },
        "Shooter.Policy.Entropy.sum": {
            "value": 3759.33349609375,
            "min": 3648.653076171875,
            "max": 4078.748046875,
            "count": 6
        },
        "Shooter.Step.mean": {
            "value": 5983.0,
            "min": 992.0,
            "max": 5983.0,
            "count": 6
        },
        "Shooter.Step.sum": {
            "value": 5983.0,
            "min": 992.0,
            "max": 5983.0,
            "count": 6
        },
        "Shooter.Policy.ExtrinsicValueEstimate.mean": {
            "value": -0.31403055787086487,
            "min": -0.5376952290534973,
            "max": -0.011518332175910473,
            "count": 6
        },
        "Shooter.Policy.ExtrinsicValueEstimate.sum": {
            "value": -9.734947204589844,
            "min": -16.66855239868164,
            "max": -0.3570683002471924,
            "count": 6
        },
        "Shooter.Losses.PolicyLoss.mean": {
            "value": 0.16794575174816517,
            "min": 0.13742732729355828,
            "max": 0.16794575174816517,
            "count": 6
        },
        "Shooter.Losses.PolicyLoss.sum": {
            "value": 0.33589150349633035,
            "min": 0.13742732729355828,
            "max": 0.33589150349633035,
            "count": 6
        },
        "Shooter.Losses.ValueLoss.mean": {
            "value": 0.14061173727195866,
            "min": 0.0056189615978906315,
            "max": 0.5439920203462869,
            "count": 6
        },
        "Shooter.Losses.ValueLoss.sum": {
            "value": 0.28122347454391733,
            "min": 0.011237923195781263,
            "max": 0.5439920203462869,
            "count": 6
        },
        "Shooter.Policy.LearningRate.mean": {
            "value": 0.0010000000000000005,
            "min": 0.0010000000000000005,
            "max": 0.0010000000000000005,
            "count": 6
        },
        "Shooter.Policy.LearningRate.sum": {
            "value": 0.002000000000000001,
            "min": 0.0010000000000000005,
            "max": 0.002000000000000001,
            "count": 6
        },
        "Shooter.Policy.Epsilon.mean": {
            "value": 0.29999999999999977,
            "min": 0.29999999999999977,
            "max": 0.2999999999999998,
            "count": 6
        },
        "Shooter.Policy.Epsilon.sum": {
            "value": 0.5999999999999995,
            "min": 0.29999999999999977,
            "max": 0.5999999999999996,
            "count": 6
        },
        "Shooter.Policy.Beta.mean": {
            "value": 0.005,
            "min": 0.004999999999999999,
            "max": 0.005,
            "count": 6
        },
        "Shooter.Policy.Beta.sum": {
            "value": 0.01,
            "min": 0.005,
            "max": 0.01,
            "count": 6
        },
        "Shooter.IsTraining.mean": {
            "value": 1.0,
            "min": 1.0,
            "max": 1.0,
            "count": 6
        },
        "Shooter.IsTraining.sum": {
            "value": 1.0,
            "min": 1.0,
            "max": 1.0,
            "count": 6
        },
        "Shooter.Environment.EpisodeLength.mean": {
            "value": 3003.0,
            "min": 3003.0,
            "max": 3006.0,
            "count": 2
        },
        "Shooter.Environment.EpisodeLength.sum": {
            "value": 6006.0,
            "min": 6006.0,
            "max": 6012.0,
            "count": 2
        },
        "Shooter.Self-play.ELO.mean": {
            "value": 799.0014391117091,
            "min": 799.0014391117091,
            "max": 799.5,
            "count": 2
        },
        "Shooter.Self-play.ELO.sum": {
            "value": 799.0014391117091,
            "min": 799.0014391117091,
            "max": 799.5,
            "count": 2
        },
        "Shooter.Environment.CumulativeReward.mean": {
            "value": -33.29999856650829,
            "min": -33.29999856650829,
            "max": -33.29999856650829,
            "count": 1
        },
        "Shooter.Environment.CumulativeReward.sum": {
            "value": -33.29999856650829,
            "min": -33.29999856650829,
            "max": -33.29999856650829,
            "count": 1
        },
        "Shooter.Policy.ExtrinsicReward.mean": {
            "value": -33.29999856650829,
            "min": -33.29999856650829,
            "max": -33.29999856650829,
            "count": 1
        },
        "Shooter.Policy.ExtrinsicReward.sum": {
            "value": -33.29999856650829,
            "min": -33.29999856650829,
            "max": -33.29999856650829,
            "count": 1
        }
    },
    "metadata": {
        "timer_format_version": "0.1.0",
        "start_time_seconds": "1652465094",
        "python_version": "3.9.6 (tags/v3.9.6:db3ff76, Jun 28 2021, 15:26:21) [MSC v.1929 64 bit (AMD64)]",
        "command_line_arguments": "C:\\Users\\s1706262\\Desktop\\Masters\\MachineLearningAssignment\\venv\\Scripts\\mlagents-learn results\\Shooter\\Shooter.yaml --run-id=Shooter --force",
        "mlagents_version": "0.28.0",
        "mlagents_envs_version": "0.28.0",
        "communication_protocol_version": "1.5.0",
        "pytorch_version": "1.10.2+cu113",
        "numpy_version": "1.22.2",
        "end_time_seconds": "1652465180"
    },
    "total": 86.1127042,
    "count": 1,
    "self": 0.0052251999999981535,
    "children": {
        "run_training.setup": {
            "total": 0.11764710000000012,
            "count": 1,
            "self": 0.11764710000000012
        },
        "TrainerController.start_learning": {
            "total": 85.9898319,
            "count": 1,
            "self": 0.09897300000005771,
            "children": {
                "TrainerController._reset_env": {
                    "total": 7.6428013,
                    "count": 1,
                    "self": 7.6428013
                },
                "TrainerController.advance": {
                    "total": 78.15316989999994,
                    "count": 6756,
                    "self": 0.0887688000000395,
                    "children": {
                        "env_step": {
                            "total": 68.37710120000034,
                            "count": 6756,
                            "self": 47.23578580000007,
                            "children": {
                                "SubprocessEnvManager._take_step": {
                                    "total": 21.082740999999952,
                                    "count": 6756,
                                    "self": 0.4894200000002975,
                                    "children": {
                                        "TorchPolicy.evaluate": {
                                            "total": 20.593320999999655,
                                            "count": 13508,
                                            "self": 8.0558032999993,
                                            "children": {
                                                "TorchPolicy.sample_actions": {
                                                    "total": 12.537517700000356,
                                                    "count": 13508,
                                                    "self": 12.537517700000356
                                                }
                                            }
                                        }
                                    }
                                },
                                "workers": {
                                    "total": 0.05857440000031566,
                                    "count": 6755,
                                    "self": 0.0,