{
    "name": "root",
    "gauges": {
        "WinTicTacToe.Policy.Entropy.mean": {
            "value": 0.28778836131095886,
            "min": 0.285463809967041,
            "max": 1.613264560699463,
            "count": 28
        },
        "WinTicTacToe.Policy.Entropy.sum": {
            "value": 569.8209838867188,
            "min": 569.8209838867188,
            "max": 3046.17431640625,
            "count": 28
        },
        "WinTicTacToe.Environment.EpisodeLength.mean": {
            "value": 0.0,
            "min": 0.0,
            "max": 0.0,
            "count": 28
        },
        "WinTicTacToe.Environment.EpisodeLength.sum": {
            "value": 0.0,
            "min": 0.0,
            "max": 0.0,
            "count": 28
        },
        "WinTicTacToe.Step.mean": {
            "value": 27999.0,
            "min": 999.0,
            "max": 27999.0,
            "count": 28
        },
        "WinTicTacToe.Step.sum": {
            "value": 27999.0,
            "min": 999.0,
            "max": 27999.0,
            "count": 28
        },
        "WinTicTacToe.Policy.ExtrinsicValueEstimate.mean": {
            "value": 0.6776869297027588,
            "min": -0.3045216500759125,
            "max": 0.6776869297027588,
            "count": 28
        },
        "WinTicTacToe.Policy.ExtrinsicValueEstimate.sum": {
            "value": 677.6869506835938,
            "min": -304.5216369628906,
            "max": 677.6869506835938,
            "count": 28
        },
        "WinTicTacToe.Environment.CumulativeReward.mean": {
            "value": -0.014,
            "min": -0.17325,
            "max": 0.255,
            "count": 28
        },
        "WinTicTacToe.Environment.CumulativeReward.sum": {
            "value": -14.0,
            "min": -173.25,
            "max": 255.0,
            "count": 28
        },
        "WinTicTacToe.Policy.ExtrinsicReward.mean": {
            "value": -0.014,
            "min": -0.17325,
            "max": 0.255,
            "count": 28
        },
        "WinTicTacToe.Policy.ExtrinsicReward.sum": {
            "value": -14.0,
            "min": -173.25,
            "max": 255.0,
            "count": 28
        },
        "WinTicTacToe.Self-play.ELO.mean": {
            "value": 1179.304592458587,
            "min": 972.6505656837203,
            "max": 1223.611665795759,
            "count": 28
        },
        "WinTicTacToe.Self-play.ELO.sum": {
            "value": 30661.91940392326,
            "min": 30661.91940392326,
            "max": 301271.22271606873,
            "count": 28
        },
        "WinTicTacToe.Losses.PolicyLoss.mean": {
            "value": 0.1318120673697974,
            "min": 0.12395000075256186,
            "max": 0.1633006704505533,
            "count": 28
        },
        "WinTicTacToe.Losses.PolicyLoss.sum": {
            "value": 0.2636241347395948,
            "min": 0.12395000075256186,
            "max": 0.32486037380294874,
            "count": 28
        },
        "WinTicTacToe.Losses.ValueLoss.mean": {
            "value": 0.037862371590953056,
            "min": 0.037862371590953056,
            "max": 0.1808039530712579,
            "count": 28
        },
        "WinTicTacToe.Losses.ValueLoss.sum": {
            "value": 0.07572474318190611,
            "min": 0.07572474318190611,
            "max": 0.3556795396642493,
            "count": 28
        },
        "WinTicTacToe.Policy.LearningRate.mean": {
            "value": 0.0003,
            "min": 0.0003,
            "max": 0.0003,
            "count": 28
        },
        "WinTicTacToe.Policy.LearningRate.sum": {
            "value": 0.0006,
            "min": 0.0003,
            "max": 0.0006,
            "count": 28
        },
        "WinTicTacToe.Policy.Epsilon.mean": {
            "value": 0.29999999999999993,
            "min": 0.29999999999999993,
            "max": 0.29999999999999993,
            "count": 28
        },
        "WinTicTacToe.Policy.Epsilon.sum": {
            "value": 0.5999999999999999,
            "min": 0.29999999999999993,
            "max": 0.5999999999999999,
            "count": 28
        },
        "WinTicTacToe.Policy.Beta.mean": {
            "value": 0.004999999999999999,
            "min": 0.004999999999999999,
            "max": 0.004999999999999999,
            "count": 28
        },
        "WinTicTacToe.Policy.Beta.sum": {
            "value": 0.009999999999999998,
            "min": 0.004999999999999999,
            "max": 0.009999999999999998,
            "count": 28
        },
        "WinTicTacToe.IsTraining.mean": {
            "value": 1.0,
            "min": 1.0,
            "max": 1.0,
            "count": 28
        },
        "WinTicTacToe.IsTraining.sum": {
            "value": 1.0,
            "min": 1.0,
            "max": 1.0,
            "count": 28
        }
    },
    "metadata": {
        "timer_format_version": "0.1.0",
        "start_time_seconds": "1652516962",
        "python_version": "3.9.6 (tags/v3.9.6:db3ff76, Jun 28 2021, 15:26:21) [MSC v.1929 64 bit (AMD64)]",
        "command_line_arguments": "C:\\Users\\s1706262\\Desktop\\Masters\\MachineLearningAssignment\\venv\\Scripts\\mlagents-learn results\\WinTicTacToe\\WinTicTacToe.yaml --run-id=WinTicTacToe --force",
        "mlagents_version": "0.28.0",
        "mlagents_envs_version": "0.28.0",
        "communication_protocol_version": "1.5.0",
        "pytorch_version": "1.10.2+cu113",
        "numpy_version": "1.22.2",
        "end_time_seconds": "1652517677"
    },
    "total": 714.7505083,
    "count": 1,
    "self": 0.004566899999986163,
    "children": {
        "run_training.setup": {
            "total": 0.11975449999999999,
            "count": 1,
            "self": 0.11975449999999999
        },
        "TrainerController.start_learning": {
            "total": 714.6261869,
            "count": 1,
            "self": 1.4823311000002377,
            "children": {
                "TrainerController._reset_env": {
                    "total": 8.205324499999701,
                    "count": 29,
                    "self": 8.205324499999701
                },
                "TrainerController.advance": {
                    "total": 704.8518993,
                    "count": 113049,
                    "self": 1.3369978000042693,
                    "children": {
                        "env_step": {
                            "total": 631.9271861000026,
                            "count": 113049,
                            "self": 533.4071063999864,
                            "children": {
                                "SubprocessEnvManager._take_step": {
                                    "total": 97.62983350000425,
                                    "count": 113049,
                                    "self": 2.511662400008859,
                                    "children": {
                                        "TorchPolicy.evaluate": {
                                            "total": 95.1181710999954,
                                            "count": 56538,
                                            "self": 42.941459199988266,
                                            "children": {
                                                "TorchPolicy.sample_actions": {
                                                    "total": 52.17671190000713,
                                                    "count": 56538,
                                                    "self": 52.17671190000713
                                                }
                                            }
                                        }
                                    }
                                },
                                "workers": {
                                    "total": 0.8902462000118838,
                                    "count": 113048,
                                    "self": 0.0,