{
    "name": "root",
    "gauges": {
        "WinTicTacToe.Policy.Entropy.mean": {
            "value": 0.5358685851097107,
            "min": 0.3681640028953552,
            "max": 1.5759161710739136,
            "count": 43
        },
        "WinTicTacToe.Policy.Entropy.sum": {
            "value": 1179.44677734375,
            "min": 656.0682373046875,
            "max": 3473.3193359375,
            "count": 43
        },
        "WinTicTacToe.Environment.EpisodeLength.mean": {
            "value": 0.0,
            "min": 0.0,
            "max": 0.0,
            "count": 43
        },
        "WinTicTacToe.Environment.EpisodeLength.sum": {
            "value": 0.0,
            "min": 0.0,
            "max": 0.0,
            "count": 43
        },
        "WinTicTacToe.Step.mean": {
            "value": 42999.0,
            "min": 999.0,
            "max": 42999.0,
            "count": 43
        },
        "WinTicTacToe.Step.sum": {
            "value": 42999.0,
            "min": 999.0,
            "max": 42999.0,
            "count": 43
        },
        "WinTicTacToe.Policy.ExtrinsicValueEstimate.mean": {
            "value": 0.25955429673194885,
            "min": -0.62535160779953,
            "max": 1.2761179208755493,
            "count": 43
        },
        "WinTicTacToe.Policy.ExtrinsicValueEstimate.sum": {
            "value": 259.5542907714844,
            "min": -625.3516235351562,
            "max": 1276.117919921875,
            "count": 43
        },
        "WinTicTacToe.Environment.CumulativeReward.mean": {
            "value": 0.111,
            "min": -0.231,
            "max": 0.141,
            "count": 43
        },
        "WinTicTacToe.Environment.CumulativeReward.sum": {
            "value": 111.0,
            "min": -231.0,
            "max": 141.0,
            "count": 43
        },
        "WinTicTacToe.Policy.ExtrinsicReward.mean": {
            "value": 0.111,
            "min": -0.231,
            "max": 0.141,
            "count": 43
        },
        "WinTicTacToe.Policy.ExtrinsicReward.sum": {
            "value": 111.0,
            "min": -231.0,
            "max": 141.0,
            "count": 43
        },
        "WinTicTacToe.Self-play.ELO.mean": {
            "value": 991.4430062022316,
            "min": 920.8037568764873,
            "max": 1367.1918162458235,
            "count": 43
        },
        "WinTicTacToe.Self-play.ELO.sum": {
            "value": 110050.1736884477,
            "min": 27378.55916142192,
            "max": 273438.3632491647,
            "count": 43
        },
        "WinTicTacToe.Losses.PolicyLoss.mean": {
            "value": 0.13567645015427843,
            "min": 0.12058925824073541,
            "max": 0.1863420491406162,
            "count": 43
        },
        "WinTicTacToe.Losses.PolicyLoss.sum": {
            "value": 0.27135290030855685,
            "min": 0.14048073264504118,
            "max": 0.3726840982812324,
            "count": 43
        },
        "WinTicTacToe.Losses.ValueLoss.mean": {
            "value": 0.02317144501648727,
            "min": 0.0022695395356484888,
            "max": 0.30655378514036,
            "count": 43
        },
        "WinTicTacToe.Losses.ValueLoss.sum": {
            "value": 0.04634289003297454,
            "min": 0.0045390790712969776,
            "max": 0.61310757028072,
            "count": 43
        },
        "WinTicTacToe.Policy.LearningRate.mean": {
            "value": 0.0003,
            "min": 0.0003,
            "max": 0.0003,
            "count": 43
        },
        "WinTicTacToe.Policy.LearningRate.sum": {
            "value": 0.0006,
            "min": 0.0003,
            "max": 0.0006,
            "count": 43
        },
        "WinTicTacToe.Policy.Epsilon.mean": {
            "value": 0.29999999999999993,
            "min": 0.29999999999999993,
            "max": 0.29999999999999993,
            "count": 43
        },
        "WinTicTacToe.Policy.Epsilon.sum": {
            "value": 0.5999999999999999,
            "min": 0.29999999999999993,
            "max": 0.5999999999999999,
            "count": 43
        },
        "WinTicTacToe.Policy.Beta.mean": {
            "value": 0.004999999999999999,
            "min": 0.004999999999999999,
            "max": 0.004999999999999999,
            "count": 43
        },
        "WinTicTacToe.Policy.Beta.sum": {
            "value": 0.009999999999999998,
            "min": 0.004999999999999999,
            "max": 0.009999999999999998,
            "count": 43
        },
        "WinTicTacToe.IsTraining.mean": {
            "value": 1.0,
            "min": 1.0,
            "max": 1.0,
            "count": 43
        },
        "WinTicTacToe.IsTraining.sum": {
            "value": 1.0,
            "min": 1.0,
            "max": 1.0,
            "count": 43
        }
    },
    "metadata": {
        "timer_format_version": "0.1.0",
        "start_time_seconds": "1644858816",
        "python_version": "3.9.6 (tags/v3.9.6:db3ff76, Jun 28 2021, 15:26:21) [MSC v.1929 64 bit (AMD64)]",
        "command_line_arguments": "C:\\Users\\s1706262\\Desktop\\Masters\\MachineLearningAssignment\\venv\\Scripts\\mlagents-learn results\\WinTicTacToe\\WinTicTacToe.yaml --run-id=WinTicTacToe --force",
        "mlagents_version": "0.28.0",
        "mlagents_envs_version": "0.28.0",
        "communication_protocol_version": "1.5.0",
        "pytorch_version": "1.10.2+cu113",
        "numpy_version": "1.22.2",
        "end_time_seconds": "1644860415"
    },
    "total": 1598.6311123,
    "count": 1,
    "self": 0.004999899999802437,
    "children": {
        "run_training.setup": {
            "total": 0.1174229,
            "count": 1,
            "self": 0.1174229
        },
        "TrainerController.start_learning": {
            "total": 1598.5086895000002,
            "count": 1,
            "self": 2.5311984999727883,
            "children": {
                "TrainerController._reset_env": {
                    "total": 16.860518999999847,
                    "count": 9,
                    "self": 16.860518999999847
                },
                "TrainerController.advance": {
                    "total": 1579.0222497000277,
                    "count": 176807,
                    "self": 2.1923308000082216,
                    "children": {
                        "env_step": {
                            "total": 1462.3143398000052,
                            "count": 176807,
                            "self": 1301.3718414000466,
                            "children": {
                                "SubprocessEnvManager._take_step": {
                                    "total": 159.44344359997217,
                                    "count": 176807,
                                    "self": 4.1102268999709395,
                                    "children": {
                                        "TorchPolicy.evaluate": {
                                            "total": 155.33321670000123,
                                            "count": 88407,
                                            "self": 71.04256920002052,
                                            "children": {
                                                "TorchPolicy.sample_actions": {
                                                    "total": 84.29064749998071,
                                                    "count": 88407,
                                                    "self": 84.29064749998071
                                                }
                                            }
                                        }
                                    }
                                },
                                "workers": {
                                    "total": 1.4990547999865171,
                                    "count": 176806,
                                    "self": 0.0,