{
    "name": "root",
    "gauges": {
        "WinTicTacToe.Policy.Entropy.mean": {
            "value": 0.8430429100990295,
            "min": 0.8430429100990295,
            "max": 1.578406810760498,
            "count": 6
        },
        "WinTicTacToe.Policy.Entropy.sum": {
            "value": 1859.752685546875,
            "min": 1655.5362548828125,
            "max": 3066.069580078125,
            "count": 6
        },
        "WinTicTacToe.Environment.EpisodeLength.mean": {
            "value": 0.0,
            "min": 0.0,
            "max": 0.0,
            "count": 6
        },
        "WinTicTacToe.Environment.EpisodeLength.sum": {
            "value": 0.0,
            "min": 0.0,
            "max": 0.0,
            "count": 6
        },
        "WinTicTacToe.Step.mean": {
            "value": 5999.0,
            "min": 999.0,
            "max": 5999.0,
            "count": 6
        },
        "WinTicTacToe.Step.sum": {
            "value": 5999.0,
            "min": 999.0,
            "max": 5999.0,
            "count": 6
        },
        "WinTicTacToe.Policy.ExtrinsicValueEstimate.mean": {
            "value": 1.1745398044586182,
            "min": 0.1817799210548401,
            "max": 1.1745398044586182,
            "count": 6
        },
        "WinTicTacToe.Policy.ExtrinsicValueEstimate.sum": {
            "value": 1174.539794921875,
            "min": 181.59814453125,
            "max": 1174.539794921875,
            "count": 6
        },
        "WinTicTacToe.Environment.CumulativeReward.mean": {
            "value": 0.083,
            "min": 0.076,
            "max": 0.1785,
            "count": 6
        },
        "WinTicTacToe.Environment.CumulativeReward.sum": {
            "value": 83.0,
            "min": 76.0,
            "max": 178.5,
            "count": 6
        },
        "WinTicTacToe.Policy.ExtrinsicReward.mean": {
            "value": 0.083,
            "min": 0.076,
            "max": 0.1785,
            "count": 6
        },
        "WinTicTacToe.Policy.ExtrinsicReward.sum": {
            "value": 83.0,
            "min": 76.0,
            "max": 178.5,
            "count": 6
        },
        "WinTicTacToe.Self-play.ELO.mean": {
            "value": 5271.3615211039205,
            "min": 5152.091275673341,
            "max": 5271.3615211039205,
            "count": 6
        },
        "WinTicTacToe.Self-play.ELO.sum": {
            "value": 437523.00625162537,
            "min": 399812.33050141094,
            "max": 976290.1659696577,
            "count": 6
        },
        "WinTicTacToe.Losses.PolicyLoss.mean": {
            "value": 0.15031712313482004,
            "min": 0.127914873201267,
            "max": 0.15375236431386188,
            "count": 6
        },
        "WinTicTacToe.Losses.PolicyLoss.sum": {
            "value": 0.3006342462696401,
            "min": 0.127914873201267,
            "max": 0.30750472862772377,
            "count": 6
        },
        "WinTicTacToe.Losses.ValueLoss.mean": {
            "value": 0.0036971579767331214,
            "min": 0.0036971579767331214,
            "max": 0.102094461143549,
            "count": 6
        },
        "WinTicTacToe.Losses.ValueLoss.sum": {
            "value": 0.007394315953466243,
            "min": 0.007394315953466243,
            "max": 0.102094461143549,
            "count": 6
        },
        "WinTicTacToe.Policy.LearningRate.mean": {
            "value": 0.0003,
            "min": 0.0003,
            "max": 0.0003,
            "count": 6
        },
        "WinTicTacToe.Policy.LearningRate.sum": {
            "value": 0.0006,
            "min": 0.0003,
            "max": 0.0006,
            "count": 6
        },
        "WinTicTacToe.Policy.Epsilon.mean": {
            "value": 0.29999999999999993,
            "min": 0.29999999999999993,
            "max": 0.29999999999999993,
            "count": 6
        },
        "WinTicTacToe.Policy.Epsilon.sum": {
            "value": 0.5999999999999999,
            "min": 0.29999999999999993,
            "max": 0.5999999999999999,
            "count": 6
        },
        "WinTicTacToe.Policy.Beta.mean": {
            "value": 0.004999999999999999,
            "min": 0.004999999999999999,
            "max": 0.004999999999999999,
            "count": 6
        },
        "WinTicTacToe.Policy.Beta.sum": {
            "value": 0.009999999999999998,
            "min": 0.004999999999999999,
            "max": 0.009999999999999998,
            "count": 6
        },
        "WinTicTacToe.IsTraining.mean": {
            "value": 1.0,
            "min": 1.0,
            "max": 1.0,
            "count": 6
        },
        "WinTicTacToe.IsTraining.sum": {
            "value": 1.0,
            "min": 1.0,
            "max": 1.0,
            "count": 6
        }
    },
    "metadata": {
        "timer_format_version": "0.1.0",
        "start_time_seconds": "1652868267",
        "python_version": "3.9.6 (tags/v3.9.6:db3ff76, Jun 28 2021, 15:26:21) [MSC v.1929 64 bit (AMD64)]",
        "command_line_arguments": "C:\\Users\\s1706262\\Desktop\\Masters\\MachineLearningAssignment\\venv\\Scripts\\mlagents-learn results\\WinTicTacToe\\WinTicTacToe.yaml --run-id=WinTicTacToe --resume",
        "mlagents_version": "0.28.0",
        "mlagents_envs_version": "0.28.0",
        "communication_protocol_version": "1.5.0",
        "pytorch_version": "1.10.2+cu113",
        "numpy_version": "1.22.2",
        "end_time_seconds": "1652868448"
    },
    "total": 180.9146562,
    "count": 1,
    "self": 0.004993200000001252,
    "children": {
        "run_training.setup": {
            "total": 0.12487589999999993,
            "count": 1,
            "self": 0.12487589999999993
        },
        "TrainerController.start_learning": {
            "total": 180.7847871,
            "count": 1,
            "self": 0.39409559999967314,
            "children": {
                "TrainerController._reset_env": {
                    "total": 10.110543300000005,
                    "count": 7,
                    "self": 10.110543300000005
                },
                "TrainerController.advance": {
                    "total": 170.1835023000003,
                    "count": 26921,
                    "self": 0.32402330000144275,
                    "children": {
                        "env_step": {
                            "total": 151.44905499999888,
                            "count": 26921,
                            "self": 125.35591250000188,
                            "children": {
                                "SubprocessEnvManager._take_step": {
                                    "total": 25.872733899997996,
                                    "count": 26921,
                                    "self": 0.5987348999981315,
                                    "children": {
                                        "TorchPolicy.evaluate": {
                                            "total": 25.273998999999865,
                                            "count": 13463,
                                            "self": 11.666832699999329,
                                            "children": {
                                                "TorchPolicy.sample_actions": {
                                                    "total": 13.607166300000536,
                                                    "count": 13463,
                                                    "self": 13.607166300000536
                                                }
                                            }
                                        }
                                    }
                                },
                                "workers": {
                                    "total": 0.22040859999900597,
                                    "count": 26920,
                                    "self": 0.0,