{
    "name": "root",
    "gauges": {
        "WinTicTacToe.Policy.Entropy.mean": {
            "value": 0.09214528650045395,
            "min": 0.008194074966013432,
            "max": 0.1546282023191452,
            "count": 8
        },
        "WinTicTacToe.Policy.Entropy.sum": {
            "value": 184.19842529296875,
            "min": 8.911397933959961,
            "max": 306.3184814453125,
            "count": 8
        },
        "WinTicTacToe.Environment.EpisodeLength.mean": {
            "value": 0.0,
            "min": 0.0,
            "max": 0.0,
            "count": 8
        },
        "WinTicTacToe.Environment.EpisodeLength.sum": {
            "value": 0.0,
            "min": 0.0,
            "max": 0.0,
            "count": 8
        },
        "WinTicTacToe.Step.mean": {
            "value": 179999.0,
            "min": 172999.0,
            "max": 179999.0,
            "count": 8
        },
        "WinTicTacToe.Step.sum": {
            "value": 179999.0,
            "min": 172999.0,
            "max": 179999.0,
            "count": 8
        },
        "WinTicTacToe.Policy.ExtrinsicValueEstimate.mean": {
            "value": 1.0423108339309692,
            "min": 1.015558123588562,
            "max": 1.0804945230484009,
            "count": 8
        },
        "WinTicTacToe.Policy.ExtrinsicValueEstimate.sum": {
            "value": 1042.310791015625,
            "min": 526.2008056640625,
            "max": 1042.310791015625,
            "count": 8
        },
        "WinTicTacToe.Environment.CumulativeReward.mean": {
            "value": 0.16,
            "min": 0.002053388090349076,
            "max": 0.186,
            "count": 8
        },
        "WinTicTacToe.Environment.CumulativeReward.sum": {
            "value": 160.0,
            "min": 1.0,
            "max": 186.0,
            "count": 8
        },
        "WinTicTacToe.Policy.ExtrinsicReward.mean": {
            "value": 0.16,
            "min": 0.002053388090349076,
            "max": 0.186,
            "count": 8
        },
        "WinTicTacToe.Policy.ExtrinsicReward.sum": {
            "value": 160.0,
            "min": 1.0,
            "max": 186.0,
            "count": 8
        },
        "WinTicTacToe.Self-play.ELO.mean": {
            "value": 5114.68423188408,
            "min": 4847.1140654166875,
            "max": 5114.68423188408,
            "count": 8
        },
        "WinTicTacToe.Self-play.ELO.sum": {
            "value": 818349.4771014528,
            "min": 4847.1140654166875,
            "max": 926807.4566770787,
            "count": 8
        },
        "WinTicTacToe.IsTraining.mean": {
            "value": 1.0,
            "min": 1.0,
            "max": 1.0,
            "count": 8
        },
        "WinTicTacToe.IsTraining.sum": {
            "value": 1.0,
            "min": 1.0,
            "max": 1.0,
            "count": 8
        },
        "WinTicTacToe.Losses.PolicyLoss.mean": {
            "value": 0.1270916440574053,
            "min": 0.1270916440574053,
            "max": 0.1495709004229866,
            "count": 7
        },
        "WinTicTacToe.Losses.PolicyLoss.sum": {
            "value": 0.2541832881148106,
            "min": 0.2541832881148106,
            "max": 0.2991418008459732,
            "count": 7
        },
        "WinTicTacToe.Losses.ValueLoss.mean": {
            "value": 5.2167957304766996e-05,
            "min": 6.623121149496433e-06,
            "max": 0.0002948181399979401,
            "count": 7
        },
        "WinTicTacToe.Losses.ValueLoss.sum": {
            "value": 0.00010433591460953399,
            "min": 1.3246242298992866e-05,
            "max": 0.0005896362799958802,
            "count": 7
        },
        "WinTicTacToe.Policy.LearningRate.mean": {
            "value": 0.0003,
            "min": 0.0003,
            "max": 0.0003,
            "count": 7
        },
        "WinTicTacToe.Policy.LearningRate.sum": {
            "value": 0.0006,
            "min": 0.0006,
            "max": 0.0006,
            "count": 7
        },
        "WinTicTacToe.Policy.Epsilon.mean": {
            "value": 0.29999999999999993,
            "min": 0.29999999999999993,
            "max": 0.29999999999999993,
            "count": 7
        },
        "WinTicTacToe.Policy.Epsilon.sum": {
            "value": 0.5999999999999999,
            "min": 0.5999999999999999,
            "max": 0.5999999999999999,
            "count": 7
        },
        "WinTicTacToe.Policy.Beta.mean": {
            "value": 0.004999999999999999,
            "min": 0.004999999999999999,
            "max": 0.004999999999999999,
            "count": 7
        },
        "WinTicTacToe.Policy.Beta.sum": {
            "value": 0.009999999999999998,
            "min": 0.009999999999999998,
            "max": 0.009999999999999998,
            "count": 7
        }
    },
    "metadata": {
        "timer_format_version": "0.1.0",
        "start_time_seconds": "1652811007",
        "python_version": "3.9.6 (tags/v3.9.6:db3ff76, Jun 28 2021, 15:26:21) [MSC v.1929 64 bit (AMD64)]",
        "command_line_arguments": "C:\\Users\\s1706262\\Desktop\\Masters\\MachineLearningAssignment\\venv\\Scripts\\mlagents-learn results\\WinTicTacToe\\WinTicTacToe.yaml --run-id=WinTicTacToe --resume",
        "mlagents_version": "0.28.0",
        "mlagents_envs_version": "0.28.0",
        "communication_protocol_version": "1.5.0",
        "pytorch_version": "1.10.2+cu113",
        "numpy_version": "1.22.2",
        "end_time_seconds": "1652811300"
    },
    "total": 292.895789,
    "count": 1,
    "self": 0.004696400000000267,
    "children": {
        "run_training.setup": {
            "total": 0.12840910000000005,
            "count": 1,
            "self": 0.12840910000000005
        },
        "TrainerController.start_learning": {
            "total": 292.7626835,
            "count": 1,
            "self": 0.45626460000011093,
            "children": {
                "TrainerController._reset_env": {
                    "total": 12.617381399999907,
                    "count": 10,
                    "self": 12.617381399999907
                },
                "TrainerController.advance": {
                    "total": 279.6066785,
                    "count": 32036,
                    "self": 0.38185599999997066,
                    "children": {
                        "env_step": {
                            "total": 259.4016597999998,
                            "count": 32036,
                            "self": 230.67931149999478,
                            "children": {
                                "SubprocessEnvManager._take_step": {
                                    "total": 28.458348400002514,
                                    "count": 32036,
                                    "self": 0.719078700001468,
                                    "children": {
                                        "TorchPolicy.evaluate": {
                                            "total": 27.739269700001046,
                                            "count": 16021,
                                            "self": 12.46712690000237,
                                            "children": {
                                                "TorchPolicy.sample_actions": {
                                                    "total": 15.272142799998676,
                                                    "count": 16021,
                                                    "self": 15.272142799998676
                                                }
                                            }
                                        }
                                    }
                                },
                                "workers": {
                                    "total": 0.26399990000247797,
                                    "count": 32035,
                                    "self": 0.0,