{
    "name": "root",
    "gauges": {
        "FlappyMusic.Policy.Entropy.mean": {
            "value": 0.19643637537956238,
            "min": 0.17921482026576996,
            "max": 0.42733854055404663,
            "count": 415
        },
        "FlappyMusic.Policy.Entropy.sum": {
            "value": 1950.6131591796875,
            "min": 1791.252197265625,
            "max": 4333.212890625,
            "count": 415
        },
        "FlappyMusic.Environment.EpisodeLength.mean": {
            "value": 15469.666666666666,
            "min": 84.65517241379311,
            "max": 25677.0,
            "count": 380
        },
        "FlappyMusic.Environment.EpisodeLength.sum": {
            "value": 46409.0,
            "min": 800.0,
            "max": 51354.0,
            "count": 380
        },
        "FlappyMusic.Step.mean": {
            "value": 4149951.0,
            "min": 9936.0,
            "max": 4149951.0,
            "count": 415
        },
        "FlappyMusic.Step.sum": {
            "value": 4149951.0,
            "min": 9936.0,
            "max": 4149951.0,
            "count": 415
        },
        "FlappyMusic.Policy.ExtrinsicValueEstimate.mean": {
            "value": 4.707963466644287,
            "min": -2.733344554901123,
            "max": 5.612885475158691,
            "count": 415
        },
        "FlappyMusic.Policy.ExtrinsicValueEstimate.sum": {
            "value": 739.1502685546875,
            "min": -620.46923828125,
            "max": 877.2067260742188,
            "count": 415
        },
        "FlappyMusic.Environment.CumulativeReward.mean": {
            "value": 805.0799521605173,
            "min": 0.6730971695047564,
            "max": 1350.059920579195,
            "count": 380
        },
        "FlappyMusic.Environment.CumulativeReward.sum": {
            "value": 2415.239856481552,
            "min": 20.01999807357788,
            "max": 2700.11984115839,
            "count": 380
        },
        "FlappyMusic.Policy.ExtrinsicReward.mean": {
            "value": 805.0799521605173,
            "min": 0.6730971695047564,
            "max": 1350.059920579195,
            "count": 380
        },
        "FlappyMusic.Policy.ExtrinsicReward.sum": {
            "value": 2415.239856481552,
            "min": 20.01999807357788,
            "max": 2700.11984115839,
            "count": 380
        },
        "FlappyMusic.IsTraining.mean": {
            "value": 1.0,
            "min": 1.0,
            "max": 1.0,
            "count": 415
        },
        "FlappyMusic.IsTraining.sum": {
            "value": 1.0,
            "min": 1.0,
            "max": 1.0,
            "count": 415
        },
        "FlappyMusic.Losses.PolicyLoss.mean": {
            "value": 0.025378926719228426,
            "min": 0.015566724771633744,
            "max": 0.03452444135521849,
            "count": 403
        },
        "FlappyMusic.Losses.PolicyLoss.sum": {
            "value": 0.025378926719228426,
            "min": 0.015566724771633744,
            "max": 0.03452444135521849,
            "count": 403
        },
        "FlappyMusic.Losses.ValueLoss.mean": {
            "value": 1.2102540413538614,
            "min": 0.007865990155066054,
            "max": 1.7403215368588765,
            "count": 403
        },
        "FlappyMusic.Losses.ValueLoss.sum": {
            "value": 1.2102540413538614,
            "min": 0.007865990155066054,
            "max": 1.7403215368588765,
            "count": 403
        },
        "FlappyMusic.Policy.LearningRate.mean": {
            "value": 0.00017576512141164,
            "min": 0.00017576512141164,
            "max": 0.00029969214010262,
            "count": 403
        },
        "FlappyMusic.Policy.LearningRate.sum": {
            "value": 0.00017576512141164,
            "min": 0.00017576512141164,
            "max": 0.00029969214010262,
            "count": 403
        },
        "FlappyMusic.Policy.Epsilon.mean": {
            "value": 0.15858836000000007,
            "min": 0.15858836000000007,
            "max": 0.19989738000000007,
            "count": 403
        },
        "FlappyMusic.Policy.Epsilon.sum": {
            "value": 0.15858836000000007,
            "min": 0.15858836000000007,
            "max": 0.19989738000000007,
            "count": 403
        },
        "FlappyMusic.Policy.Beta.mean": {
            "value": 0.0029335591640000003,
            "min": 0.0029335591640000003,
            "max": 0.004994879262000002,
            "count": 403
        },
        "FlappyMusic.Policy.Beta.sum": {
            "value": 0.0029335591640000003,
            "min": 0.0029335591640000003,
            "max": 0.004994879262000002,
            "count": 403
        }
    },
    "metadata": {
        "timer_format_version": "0.1.0",
        "start_time_seconds": "1646826737",
        "python_version": "3.9.6 (tags/v3.9.6:db3ff76, Jun 28 2021, 15:26:21) [MSC v.1929 64 bit (AMD64)]",
        "command_line_arguments": "C:\\Users\\s1706262\\Desktop\\Masters\\MachineLearningAssignment\\venv\\Scripts\\mlagents-learn results\\FlappyMusic\\FlappyMusic.yaml --run-id=FlappyMusic --force",
        "mlagents_version": "0.28.0",
        "mlagents_envs_version": "0.28.0",
        "communication_protocol_version": "1.5.0",
        "pytorch_version": "1.10.2+cu113",
        "numpy_version": "1.22.2",
        "end_time_seconds": "1646830671"
    },
    "total": 3933.963763,
    "count": 1,
    "self": 0.005116099999668222,
    "children": {
        "run_training.setup": {
            "total": 0.11634109999999986,
            "count": 1,
            "self": 0.11634109999999986
        },
        "TrainerController.start_learning": {
            "total": 3933.8423058000003,
            "count": 1,
            "self": 9.351830300112852,
            "children": {
                "TrainerController._reset_env": {
                    "total": 9.2459311,
                    "count": 1,
                    "self": 9.2459311
                },
                "TrainerController.advance": {
                    "total": 3915.1942902998876,
                    "count": 831774,
                    "self": 8.91324829994619,
                    "children": {
                        "env_step": {
                            "total": 3299.064668600075,
                            "count": 831774,
                            "self": 2170.260256899983,
                            "children": {
                                "SubprocessEnvManager._take_step": {
                                    "total": 1122.5762586998335,
                                    "count": 831774,
                                    "self": 28.1048818998795,
                                    "children": {
                                        "TorchPolicy.evaluate": {
                                            "total": 1094.471376799954,
                                            "count": 831774,
                                            "self": 467.7894676001637,
                                            "children": {
                                                "TorchPolicy.sample_actions": {
                                                    "total": 626.6819091997903,
                                                    "count": 831774,
                                                    "self": 626.6819091997903
                                                }
                                            }
                                        }
                                    }
                                },
                                "workers": {
                                    "total": 6.228153000258633,
                                    "count": 831773,
                                    "self": 0.0,
                                    "children": {
                                        "worker_root": {
                                            "total": 3912.0492743997634,