{
    "name": "root",
    "gauges": {
        "FlappyMusic.Policy.Entropy.mean": {
            "value": 0.1849004030227661,
            "min": 0.17744526267051697,
            "max": 0.1986703872680664,
            "count": 15
        },
        "FlappyMusic.Policy.Entropy.sum": {
            "value": 1835.691162109375,
            "min": 283.91241455078125,
            "max": 1998.82275390625,
            "count": 15
        },
        "FlappyMusic.Step.mean": {
            "value": 4299938.0,
            "min": 4159967.0,
            "max": 4299938.0,
            "count": 15
        },
        "FlappyMusic.Step.sum": {
            "value": 4299938.0,
            "min": 4159967.0,
            "max": 4299938.0,
            "count": 15
        },
        "FlappyMusic.Policy.ExtrinsicValueEstimate.mean": {
            "value": 4.6569504737854,
            "min": 1.9500319957733154,
            "max": 5.369497776031494,
            "count": 15
        },
        "FlappyMusic.Policy.ExtrinsicValueEstimate.sum": {
            "value": 740.4551391601562,
            "min": 39.000640869140625,
            "max": 837.6416625976562,
            "count": 15
        },
        "FlappyMusic.IsTraining.mean": {
            "value": 1.0,
            "min": 1.0,
            "max": 1.0,
            "count": 15
        },
        "FlappyMusic.IsTraining.sum": {
            "value": 1.0,
            "min": 1.0,
            "max": 1.0,
            "count": 15
        },
        "FlappyMusic.Environment.EpisodeLength.mean": {
            "value": 5146.333333333333,
            "min": 1414.0,
            "max": 6579.0,
            "count": 11
        },
        "FlappyMusic.Environment.EpisodeLength.sum": {
            "value": 30878.0,
            "min": 1982.0,
            "max": 30878.0,
            "count": 11
        },
        "FlappyMusic.Environment.CumulativeReward.mean": {
            "value": 256.94665110111237,
            "min": 57.299996038277946,
            "max": 333.0999799668789,
            "count": 11
        },
        "FlappyMusic.Environment.CumulativeReward.sum": {
            "value": 1541.6799066066742,
            "min": 88.65999376773834,
            "max": 1541.6799066066742,
            "count": 11
        },
        "FlappyMusic.Policy.ExtrinsicReward.mean": {
            "value": 256.94665110111237,
            "min": 57.299996038277946,
            "max": 333.0999799668789,
            "count": 11
        },
        "FlappyMusic.Policy.ExtrinsicReward.sum": {
            "value": 1541.6799066066742,
            "min": 88.65999376773834,
            "max": 1541.6799066066742,
            "count": 11
        },
        "FlappyMusic.Losses.PolicyLoss.mean": {
            "value": 0.026285679576297603,
            "min": 0.015660515753552318,
            "max": 0.035363524407148364,
            "count": 13
        },
        "FlappyMusic.Losses.PolicyLoss.sum": {
            "value": 0.026285679576297603,
            "min": 0.015660515753552318,
            "max": 0.035363524407148364,
            "count": 13
        },
        "FlappyMusic.Losses.ValueLoss.mean": {
            "value": 1.1580318729082744,
            "min": 0.8265604197978973,
            "max": 1.2237815936406453,
            "count": 13
        },
        "FlappyMusic.Losses.ValueLoss.sum": {
            "value": 1.1580318729082744,
            "min": 0.8265604197978973,
            "max": 1.2237815936406453,
            "count": 13
        },
        "FlappyMusic.Policy.LearningRate.mean": {
            "value": 0.00017123146292285992,
            "min": 0.00017123146292285992,
            "max": 0.00017493160168948,
            "count": 13
        },
        "FlappyMusic.Policy.LearningRate.sum": {
            "value": 0.00017123146292285992,
            "min": 0.00017123146292285992,
            "max": 0.00017493160168948,
            "count": 13
        },
        "FlappyMusic.Policy.Epsilon.mean": {
            "value": 0.15707714000000003,
            "min": 0.15707714000000003,
            "max": 0.15831051999999998,
            "count": 13
        },
        "FlappyMusic.Policy.Epsilon.sum": {
            "value": 0.15707714000000003,
            "min": 0.15707714000000003,
            "max": 0.15831051999999998,
            "count": 13
        },
        "FlappyMusic.Policy.Beta.mean": {
            "value": 0.002858149286000001,
            "min": 0.002858149286000001,
            "max": 0.0029196949479999997,
            "count": 13
        },
        "FlappyMusic.Policy.Beta.sum": {
            "value": 0.002858149286000001,
            "min": 0.002858149286000001,
            "max": 0.0029196949479999997,
            "count": 13
        }
    },
    "metadata": {
        "timer_format_version": "0.1.0",
        "start_time_seconds": "1652868722",
        "python_version": "3.9.6 (tags/v3.9.6:db3ff76, Jun 28 2021, 15:26:21) [MSC v.1929 64 bit (AMD64)]",
        "command_line_arguments": "C:\\Users\\s1706262\\Desktop\\Masters\\MachineLearningAssignment\\venv\\Scripts\\mlagents-learn results\\FlappyMusic\\FlappyMusic.yaml --run-id=FlappyMusic --resume",
        "mlagents_version": "0.28.0",
        "mlagents_envs_version": "0.28.0",
        "communication_protocol_version": "1.5.0",
        "pytorch_version": "1.10.2+cu113",
        "numpy_version": "1.22.2",
        "end_time_seconds": "1652868879"
    },
    "total": 156.83862100000002,
    "count": 1,
    "self": 0.00444670000001679,
    "children": {
        "run_training.setup": {
            "total": 0.13128819999999997,
            "count": 1,
            "self": 0.13128819999999997
        },
        "TrainerController.start_learning": {
            "total": 156.7028861,
            "count": 1,
            "self": 0.3751368999995748,
            "children": {
                "TrainerController._reset_env": {
                    "total": 11.4381276,
                    "count": 1,
                    "self": 11.4381276
                },
                "TrainerController.advance": {
                    "total": 144.7967025000004,
                    "count": 29834,
                    "self": 0.33843200000293905,
                    "children": {
                        "env_step": {
                            "total": 121.87530549999813,
                            "count": 29834,
                            "self": 75.09236469999922,
                            "children": {
                                "SubprocessEnvManager._take_step": {
                                    "total": 46.54454499999865,
                                    "count": 29834,
                                    "self": 1.0662658999970915,
                                    "children": {
                                        "TorchPolicy.evaluate": {
                                            "total": 45.47827910000156,
                                            "count": 29834,
                                            "self": 20.227077200001776,
                                            "children": {
                                                "TorchPolicy.sample_actions": {
                                                    "total": 25.25120189999978,
                                                    "count": 29834,
                                                    "self": 25.25120189999978
                                                }
                                            }
                                        }
                                    }
                                },
                                "workers": {
                                    "total": 0.23839580000025506,
                                    "count": 29833,
                                    "self": 0.0,
                                    "children": {
                                        "worker_root": {
                                            "total": 142.5464790000011,