{
    "name": "root",
    "gauges": {
        "HummingBird.Policy.Entropy.mean": {
            "value": 1.3738675117492676,
            "min": 1.3721506595611572,
            "max": 1.4202467203140259,
            "count": 247
        },
        "HummingBird.Policy.Entropy.sum": {
            "value": 13156.1552734375,
            "min": 13150.0517578125,
            "max": 14418.3447265625,
            "count": 247
        },
        "HummingBird.Step.mean": {
            "value": 2469968.0,
            "min": 9960.0,
            "max": 2469968.0,
            "count": 247
        },
        "HummingBird.Step.sum": {
            "value": 2469968.0,
            "min": 9960.0,
            "max": 2469968.0,
            "count": 247
        },
        "HummingBird.Policy.ExtrinsicValueEstimate.mean": {
            "value": 2.905428171157837,
            "min": 0.0625888779759407,
            "max": 3.630556106567383,
            "count": 247
        },
        "HummingBird.Policy.ExtrinsicValueEstimate.sum": {
            "value": 464.8684997558594,
            "min": 10.014220237731934,
            "max": 577.2584228515625,
            "count": 247
        },
        "HummingBird.Environment.EpisodeLength.mean": {
            "value": 999.0,
            "min": 999.0,
            "max": 999.0,
            "count": 247
        },
        "HummingBird.Environment.EpisodeLength.sum": {
            "value": 8991.0,
            "min": 8991.0,
            "max": 17982.0,
            "count": 247
        },
        "HummingBird.Environment.CumulativeReward.mean": {
            "value": 40.33426687369744,
            "min": -0.37100264761183,
            "max": 49.07536731722454,
            "count": 247
        },
        "HummingBird.Environment.CumulativeReward.sum": {
            "value": 363.00840186327696,
            "min": -3.3390238285064697,
            "max": 565.3337987344712,
            "count": 247
        },
        "HummingBird.Policy.ExtrinsicReward.mean": {
            "value": 40.33426687369744,
            "min": -0.37100264761183,
            "max": 49.07536731722454,
            "count": 247
        },
        "HummingBird.Policy.ExtrinsicReward.sum": {
            "value": 363.00840186327696,
            "min": -3.3390238285064697,
            "max": 565.3337987344712,
            "count": 247
        },
        "HummingBird.IsTraining.mean": {
            "value": 1.0,
            "min": 1.0,
            "max": 1.0,
            "count": 247
        },
        "HummingBird.IsTraining.sum": {
            "value": 1.0,
            "min": 1.0,
            "max": 1.0,
            "count": 247
        },
        "HummingBird.Losses.PolicyLoss.mean": {
            "value": 0.027181231993987847,
            "min": 0.0157391848610132,
            "max": 0.03209331650286913,
            "count": 231
        },
        "HummingBird.Losses.PolicyLoss.sum": {
            "value": 0.027181231993987847,
            "min": 0.0157391848610132,
            "max": 0.03209331650286913,
            "count": 231
        },
        "HummingBird.Losses.ValueLoss.mean": {
            "value": 2.5539743145306906,
            "min": 0.0004696574125167293,
            "max": 5.683851218223571,
            "count": 231
        },
        "HummingBird.Losses.ValueLoss.sum": {
            "value": 2.5539743145306906,
            "min": 0.0004696574125167293,
            "max": 5.683851218223571,
            "count": 231
        },
        "HummingBird.Policy.LearningRate.mean": {
            "value": 0.0002999998518672493,
            "min": 0.0002999998518672493,
            "max": 0.00029999999935632026,
            "count": 231
        },
        "HummingBird.Policy.LearningRate.sum": {
            "value": 0.0002999998518672493,
            "min": 0.0002999998518672493,
            "max": 0.00029999999935632026,
            "count": 231
        },
        "HummingBird.Policy.Epsilon.mean": {
            "value": 0.19999995062240009,
            "min": 0.19999995062240009,
            "max": 0.19999999978544006,
            "count": 231
        },
        "HummingBird.Policy.Epsilon.sum": {
            "value": 0.19999995062240009,
            "min": 0.19999995062240009,
            "max": 0.19999999978544006,
            "count": 231
        },
        "HummingBird.Policy.Beta.mean": {
            "value": 0.004999997536057761,
            "min": 0.004999997536057761,
            "max": 0.004999999989293456,
            "count": 231
        },
        "HummingBird.Policy.Beta.sum": {
            "value": 0.004999997536057761,
            "min": 0.004999997536057761,
            "max": 0.004999999989293456,
            "count": 231
        }
    },
    "metadata": {
        "timer_format_version": "0.1.0",
        "start_time_seconds": "1652188478",
        "python_version": "3.9.6 (tags/v3.9.6:db3ff76, Jun 28 2021, 15:26:21) [MSC v.1929 64 bit (AMD64)]",
        "command_line_arguments": "C:\\Users\\s1706262\\Desktop\\Masters\\MachineLearningAssignment\\venv\\Scripts\\mlagents-learn results\\HummingBird\\HummingBird.yaml --run-id=HummingBird --force",
        "mlagents_version": "0.28.0",
        "mlagents_envs_version": "0.28.0",
        "communication_protocol_version": "1.5.0",
        "pytorch_version": "1.10.2+cu113",
        "numpy_version": "1.22.2",
        "end_time_seconds": "1652191387"
    },
    "total": 2909.0956106999997,
    "count": 1,
    "self": 0.004590699999880599,
    "children": {
        "run_training.setup": {
            "total": 0.11884819999999996,
            "count": 1,
            "self": 0.11884819999999996
        },
        "TrainerController.start_learning": {
            "total": 2908.9721718,
            "count": 1,
            "self": 3.550003399940124,
            "children": {
                "TrainerController._reset_env": {
                    "total": 6.930216500000001,
                    "count": 1,
                    "self": 6.930216500000001
                },
                "TrainerController.advance": {
                    "total": 2898.44853340006,
                    "count": 274533,
                    "self": 3.7089459000717397,
                    "children": {
                        "env_step": {
                            "total": 2392.490910799995,
                            "count": 274533,
                            "self": 2000.5586133999498,
                            "children": {
                                "SubprocessEnvManager._take_step": {
                                    "total": 389.4506585000562,
                                    "count": 274533,
                                    "self": 14.575147200003187,
                                    "children": {
                                        "TorchPolicy.evaluate": {
                                            "total": 374.875511300053,
                                            "count": 274533,
                                            "self": 216.33307230017454,
                                            "children": {
                                                "TorchPolicy.sample_actions": {
                                                    "total": 158.54243899987847,
                                                    "count": 274533,
                                                    "self": 158.54243899987847
                                                }
                                            }
                                        }
                                    }
                                },
                                "workers": {
                                    "total": 2.4816388999891945,
                                    "count": 274532,
                                    "self": 0.0,
                                    "children": {
                                        "worker_root": {
                                            "total": 2897.5895399999495,