{
    "name": "root",
    "metadata": {
        "timer_format_version": "0.1.0",
        "start_time_seconds": "1652728923",
        "python_version": "3.9.6 (tags/v3.9.6:db3ff76, Jun 28 2021, 15:26:21) [MSC v.1929 64 bit (AMD64)]",
        "command_line_arguments": "C:\\Users\\s1706262\\Desktop\\Masters\\MachineLearningAssignment\\venv\\Scripts\\mlagents-learn results\\HummingBird\\HummingBird.yaml --run-id=HummingBird --force",
        "mlagents_version": "0.28.0",
        "mlagents_envs_version": "0.28.0",
        "communication_protocol_version": "1.5.0",
        "pytorch_version": "1.10.2+cu113",
        "numpy_version": "1.22.2",
        "end_time_seconds": "1652729032"
    },
    "total": 108.85828380000001,
    "count": 1,
    "self": 0.004368500000012432,
    "children": {
        "run_training.setup": {
            "total": 0.11484340000000004,
            "count": 1,
            "self": 0.11484340000000004
        },
        "TrainerController.start_learning": {
            "total": 108.7390719,
            "count": 1,
            "self": 0.08697580000037419,
            "children": {
                "TrainerController._reset_env": {
                    "total": 18.5636868,
                    "count": 1,
                    "self": 18.5636868
                },
                "TrainerController.advance": {
                    "total": 90.01258049999961,
                    "count": 7371,
                    "self": 0.08445119999925055,
                    "children": {
                        "env_step": {
                            "total": 89.30893869999997,
                            "count": 7371,
                            "self": 80.55852200000017,
                            "children": {
                                "SubprocessEnvManager._take_step": {
                                    "total": 8.693870199999804,
                                    "count": 7371,
                                    "self": 0.2852855999998738,
                                    "children": {
                                        "TorchPolicy.evaluate": {
                                            "total": 8.40858459999993,
                                            "count": 7371,
                                            "self": 4.230326500000082,
                                            "children": {
                                                "TorchPolicy.sample_actions": {
                                                    "total": 4.178258099999848,
                                                    "count": 7371,
                                                    "self": 4.178258099999848
                                                }
                                            }
                                        }
                                    }
                                },
                                "workers": {
                                    "total": 0.056546500000003164,
                                    "count": 7370,
                                    "self": 0.0,
                                    "children": {
                                        "worker_root": {
                                            "total": 46.69089449999988,
                                            "count": 7370,
                                            "is_parallel": true,
                                            "self": 15.039238499999893,
                                            "children": {
                                                "steps_from_proto": {
                                                    "total": 0.00029099999999715465,
                                                    "count": 1,
                                                    "is_parallel": true,
                                                    "self": 9.569999999214929e-05,
                                                    "children": {
                                                        "_process_rank_one_or_two_observation": {
                                                            "total": 0.00019530000000500536,
                                                            "count": 8,
                                                            "is_parallel": true,
                                                            "self": 0.00019530000000500536
                                                        }
                                                    }
                                                },
                                                "UnityEnvironment.step": {
                                                    "total": 31.651364999999988,
                                                    "count": 7370,
                                                    "is_parallel": true,
                                                    "self": 0.35925089999928517,
                                                    "children": {
                                                        "UnityEnvironment._generate_step_input": {
                                                            "total": 0.275150600000341,
                                                            "count": 7370,
                                                            "is_parallel": true,
                                                            "self": 0.275150600000341
                                                        },
                                                        "communicator.exchange": {
                                                            "total": 29.597123700000125,
                                                            "count": 7370,
                                                            "is_parallel": true,
                                                            "self": 29.597123700000125
                                                        },
                                                        "steps_from_proto": {
                                                            "total": 1.4198398000002364,
                                                            "count": 7370,
                                                            "is_parallel": true,
                                                            "self": 0.5381442000000618,
                                                            "children": {
                                                                "_process_rank_one_or_two_observation": {
                                                                    "total": 0.8816956000001746,
                                                                    "count": 58960,
                                                                    "is_parallel": true,
                                                                    "self": 0.8816956000001746
                                                                }
                                                            }
                                                        }
                                                    }
                                                }
                                            }
                                        }
                                    }
                                }
                            }
                        },
                        "trainer_advance": {
                            "total": 0.6191906000003904,
                            "count": 7370,
                            "self": 0.10785640000037233,
                            "children": {
                                "process_trajectory": {
                                    "total": 0.5113342000000181,
                                    "count": 7370,