{"count":1,"self":559.843584,"total":3926.2167062999997,"children":{"InitializeActuators":{"count":5,"self":0.0010016,"total":0.0010016,"children":null},"InitializeSensors":{"count":5,"self":0.0010004,"total":0.0010004,"children":null},"AgentSendState":{"count":831784,"self":39.163759999999996,"total":208.7293952,"children":{"CollectObservations":{"count":4158920,"self":48.089375999999994,"total":48.0893745,"children":null},"WriteActionMask":{"count":4158920,"self":11.0332168,"total":11.0332165,"children":null},"RequestDecision":{"count":4158920,"self":28.3479936,"total":110.4430457,"children":{"AgentInfo.ToProto":{"count":4158920,"self":27.333132799999998,"total":82.0950513,"children":{"GenerateSensorData":{"count":4158920,"self":54.761919999999996,"total":54.761916899999996,"children":null}}}}}}},"DecideAction":{"count":831784,"self":3150.985216,"total":3150.9852407999997,"children":null},"AgentAct":{"count":831784,"self":6.4681663999999994,"total":6.4681666,"children":null},"AgentInfo.ToProto":{"count":4602,"self":0.061085099999999996,"total":0.18731299999999998,"children":{"GenerateSensorData":{"count":4602,"self":0.1262279,"total":0.1262279,"children":null}}}},"gauges":{"FlappyMusic.CumulativeReward":{"count":4602,"max":1378.59131,"min":-4.340001,"runningAverage":34.1318054,"value":170.499924,"weightedAverage":473.171356}},"metadata":{"timer_format_version":"0.1.0","start_time_seconds":"1646826745","unity_version":"2021.1.12f1","command_line_arguments":"C:\\Program Files\\Unity\\Hub\\Editor\\2021.1.12f1\\Editor\\Unity.exe -projectpath C:\/Users\/s1706262\/Desktop\/Masters\/MachineLearningAssignment -useHub -hubIPC -cloudEnvironment production -hubSessionId 182955d0-9f8d-11ec-8cb3-49bffd6246e9 -accessToken 2zeiQtwrCFWcre0sZVgxFTuqICkBfOy1QfBZkiFITlQ005f","communication_protocol_version":"1.5.0","com.unity.ml-agents_version":"2.0.1","scene_name":"FlappyMusicTrain","end_time_seconds":"1646830671"}}