{"count":1,"self":1048.456704,"total":2907.7894517,"children":{"InitializeActuators":{"count":9,"self":0.000962,"total":0.000962,"children":null},"InitializeSensors":{"count":9,"self":0.0036496999999999996,"total":0.0036496999999999996,"children":null},"AgentSendState":{"count":1372667,"self":67.5280896,"total":230.0205385,"children":{"CollectObservations":{"count":2470806,"self":13.027604,"total":13.0276043,"children":null},"WriteActionMask":{"count":2470806,"self":4.5842656,"total":4.5842655,"children":null},"RequestDecision":{"count":2470806,"self":18.348976,"total":144.880576,"children":{"AgentInfo.ToProto":{"count":2470806,"self":13.233818399999999,"total":126.5316005,"children":{"GenerateSensorData":{"count":2470806,"self":95.3204928,"total":113.2977823,"children":{"RayPerceptionSensor.Perceive":{"count":7412418,"self":17.9772896,"total":17.9772891,"children":null}}}}}}}}},"DecideAction":{"count":1372667,"self":1596.8975871999999,"total":1596.8975971999998,"children":null},"AgentAct":{"count":1372667,"self":32.258412799999995,"total":32.4100122,"children":{"AgentInfo.ToProto":{"count":2466,"self":0.025040299999999998,"total":0.1515986,"children":{"GenerateSensorData":{"count":2466,"self":0.1089841,"total":0.12655829999999998,"children":{"RayPerceptionSensor.Perceive":{"count":7398,"self":0.017574199999999998,"total":0.017574199999999998,"children":null}}}}}}}},"gauges":{"HummingBird.CumulativeReward":{"count":2466,"max":145.54451,"min":-5,"runningAverage":21.6483936,"value":69.75574,"weightedAverage":36.70433}},"metadata":{"timer_format_version":"0.1.0","start_time_seconds":"1652188483","unity_version":"2021.1.12f1","command_line_arguments":"C:\\Program Files\\Unity\\Hub\\Editor\\2021.1.12f1\\Editor\\Unity.exe -projectpath C:\/Users\/s1706262\/Desktop\/Masters\/MachineLearningAssignment -useHub -hubIPC -cloudEnvironment production -hubSessionId 7b262ee0-d04a-11ec-a422-43430f585ca2 -accessToken TTwEInBthDOJVwIoL8E59HTrAjMTZf9SF8xjPpAnNE8005f","communication_protocol_version":"1.5.0","com.unity.ml-agents_version":"2.0.1","scene_name":"HummingbirdTrain","end_time_seconds":"1652191391"}}