{"count":1,"self":26.288956799999998,"total":26.843898799999998,"children":{"InitializeActuators":{"count":5,"self":0.002,"total":0.002,"children":null},"InitializeSensors":{"count":5,"self":0.0010002,"total":0.0010002,"children":null},"AgentSendState":{"count":1088,"self":0.022979799999999998,"total":0.052983699999999995,"children":{"CollectObservations":{"count":1090,"self":0.0030020999999999997,"total":0.0030020999999999997,"children":null},"WriteActionMask":{"count":1090,"self":0.0030015999999999997,"total":0.0030015999999999997,"children":null},"RequestDecision":{"count":1090,"self":0.0240002,"total":0.0240002,"children":null}}},"DecideAction":{"count":1088,"self":0.4709426,"total":0.4709426,"children":null},"AgentAct":{"count":1088,"self":0.026008899999999998,"total":0.026008899999999998,"children":null}},"gauges":{},"metadata":{"timer_format_version":"0.1.0","start_time_seconds":"1652528936","unity_version":"2021.1.12f1","command_line_arguments":"C:\\Program Files\\Unity\\Hub\\Editor\\2021.1.12f1\\Editor\\Unity.exe -projectpath C:\/Users\/s1706262\/Desktop\/Masters\/MachineLearningAssignment -useHub -hubIPC -cloudEnvironment production -hubSessionId b8faf840-d298-11ec-880d-43b4132624bd -accessToken iadHqxBTZkG1Yuweeyg3ZGTuWL02grPbVuYT2ndVnkk005f","communication_protocol_version":"1.5.0","com.unity.ml-agents_version":"2.0.1","scene_name":"KartRacingDemo","end_time_seconds":"1652528963"}}