{"count":1,"self":201.65088,"total":928.6645893,"children":{"InitializeActuators":{"count":10,"self":0.0020263,"total":0.0020263,"children":null},"InitializeSensors":{"count":10,"self":0.0010019999999999999,"total":0.0010019999999999999,"children":null},"AgentSendState":{"count":463301,"self":8.4443568,"total":34.928202399999996,"children":{"CollectObservations":{"count":926610,"self":2.9354055999999997,"total":2.9354055,"children":null},"WriteActionMask":{"count":926610,"self":1.7558467999999998,"total":1.7558468999999999,"children":null},"RequestDecision":{"count":926610,"self":5.2268615999999994,"total":21.792593099999998,"children":{"AgentInfo.ToProto":{"count":926610,"self":4.7615,"total":16.5657315,"children":{"GenerateSensorData":{"count":926610,"self":11.804231999999999,"total":11.8042316,"children":null}}}}}}},"DecideAction":{"count":463301,"self":679.6880384,"total":679.68802429999994,"children":null},"AgentAct":{"count":463301,"self":12.3080464,"total":12.3414944,"children":{"AgentInfo.ToProto":{"count":2110,"self":0.0109784,"total":0.0334483,"children":{"GenerateSensorData":{"count":2110,"self":0.022469899999999998,"total":0.022469899999999998,"children":null}}}}},"AgentInfo.ToProto":{"count":3000,"self":0.0149728,"total":0.0509637,"children":{"GenerateSensorData":{"count":3000,"self":0.0359909,"total":0.0359909,"children":null}}}},"gauges":{"Kart.CumulativeReward":{"count":5110,"max":98.99802,"min":-306.003052,"runningAverage":-13.50348,"value":49.00045,"weightedAverage":43.56413}},"metadata":{"timer_format_version":"0.1.0","start_time_seconds":"1652185321","unity_version":"2021.1.12f1","command_line_arguments":"C:\\Program Files\\Unity\\Hub\\Editor\\2021.1.12f1\\Editor\\Unity.exe -projectpath C:\/Users\/s1706262\/Desktop\/Masters\/MachineLearningAssignment -useHub -hubIPC -cloudEnvironment production -hubSessionId 7b262ee0-d04a-11ec-a422-43430f585ca2 -accessToken TTwEInBthDOJVwIoL8E59HTrAjMTZf9SF8xjPpAnNE8005f","communication_protocol_version":"1.5.0","com.unity.ml-agents_version":"2.0.1","scene_name":"KartRacingTrain","end_time_seconds":"1652186249"}}