{"count":1,"self":24.7784336,"total":124.73418649999999,"children":{"InitializeActuators":{"count":10,"self":0.0010109,"total":0.0010109,"children":null},"InitializeSensors":{"count":10,"self":0.0019825999999999997,"total":0.0019825999999999997,"children":null},"AgentSendState":{"count":60451,"self":1.0442276,"total":4.4264792,"children":{"CollectObservations":{"count":120910,"self":0.3672329,"total":0.3672329,"children":null},"WriteActionMask":{"count":120910,"self":0.2120027,"total":0.2120027,"children":null},"RequestDecision":{"count":120910,"self":0.6563044,"total":2.803016,"children":{"AgentInfo.ToProto":{"count":120910,"self":0.63469049999999994,"total":2.1467115999999997,"children":{"GenerateSensorData":{"count":120910,"self":1.5120211,"total":1.5120211,"children":null}}}}}}},"DecideAction":{"count":60451,"self":93.95984,"total":93.9598425,"children":null},"AgentAct":{"count":60451,"self":1.5564267999999999,"total":1.5614431,"children":{"AgentInfo.ToProto":{"count":280,"self":0.0029985999999999997,"total":0.0050163,"children":{"GenerateSensorData":{"count":280,"self":0.0020177,"total":0.0020177,"children":null}}}}},"AgentInfo.ToProto":{"count":300,"self":0.0019952999999999998,"total":0.0039946,"children":{"GenerateSensorData":{"count":300,"self":0.0019993,"total":0.0019993,"children":null}}}},"gauges":{"Kart.CumulativeReward":{"count":580,"max":-1.00001872,"min":-91.00075,"runningAverage":-5.937948,"value":-1.00001872,"weightedAverage":-1.00001884}},"metadata":{"timer_format_version":"0.1.0","start_time_seconds":"1652868468","unity_version":"2021.1.12f1","command_line_arguments":"C:\\Program Files\\Unity\\Hub\\Editor\\2021.1.12f1\\Editor\\Unity.exe -projectpath C:\/Users\/s1706262\/Desktop\/Masters\/MachineLearningAssignment -useHub -hubIPC -cloudEnvironment production -hubSessionId e2da30a0-d684-11ec-ae7b-2109a71c1590 -accessToken hJ8fHN9y5gVRDG5iF6KMSqpkzg9O_E9uzFxldDZQ4RI005f","communication_protocol_version":"1.5.0","com.unity.ml-agents_version":"2.0.1","scene_name":"KartRacingTrain","end_time_seconds":"1652868593"}}