{"count":1,"self":8.689347999999999,"total":8.7642879999999987,"children":{"InitializeActuators":{"count":1,"self":0.00099819999999999987,"total":0.00099819999999999987,"children":null},"InitializeSensors":{"count":1,"self":0.0010008999999999999,"total":0.0010008999999999999,"children":null},"AgentSendState":{"count":50,"self":0.0020036,"total":0.012978,"children":{"CollectObservations":{"count":50,"self":0.00097549999999999991,"total":0.00097549999999999991,"children":null},"WriteActionMask":{"count":50,"self":0.0009979,"total":0.0009979,"children":null},"RequestDecision":{"count":50,"self":0.009001,"total":0.009001,"children":null}}},"DecideAction":{"count":50,"self":0.0579767,"total":0.0579767,"children":null},"AgentAct":{"count":50,"self":0.0019863999999999997,"total":0.0019863999999999997,"children":null}},"gauges":{},"metadata":{"timer_format_version":"0.1.0","start_time_seconds":"1652714160","unity_version":"2021.1.12f1","command_line_arguments":"C:\\Program Files\\Unity\\Hub\\Editor\\2021.1.12f1\\Editor\\Unity.exe -projectpath C:\/Users\/s1706262\/Desktop\/Masters\/MachineLearningAssignment -useHub -hubIPC -cloudEnvironment production -hubSessionId 31117860-d4f4-11ec-bcdf-ffc4de97ad38 -accessToken UqsvVVILNosilzE4ubcd_bSAcUb6c1N3b6Xlw1eT2yI005f","communication_protocol_version":"1.5.0","com.unity.ml-agents_version":"2.0.1","scene_name":"MainMenu","end_time_seconds":"1652714169"}}