{"count":1,"self":154.80529919999998,"total":276.0752247,"children":{"InitializeActuators":{"count":2,"self":0.0020252,"total":0.0020252,"children":null},"InitializeSensors":{"count":2,"self":0.00097749999999999985,"total":0.00097749999999999985,"children":null},"AgentSendState":{"count":570284,"self":1.6777191,"total":2.7462115,"children":{"CollectObservations":{"count":16042,"self":0.072098399999999993,"total":0.072098399999999993,"children":null},"WriteActionMask":{"count":16042,"self":0.10062969999999999,"total":0.10062969999999999,"children":null},"RequestDecision":{"count":16042,"self":0.21071289999999998,"total":0.8957643,"children":{"AgentInfo.ToProto":{"count":16042,"self":0.21348589999999998,"total":0.6850514,"children":{"GenerateSensorData":{"count":16042,"self":0.47156549999999997,"total":0.47156549999999997,"children":null}}}}}}},"DecideAction":{"count":570284,"self":113.5345024,"total":113.5345002,"children":null},"AgentAct":{"count":570284,"self":4.3702844,"total":4.985207,"children":{"AgentInfo.ToProto":{"count":16044,"self":0.1597565,"total":0.61492249999999993,"children":{"GenerateSensorData":{"count":16044,"self":0.45516599999999996,"total":0.45516599999999996,"children":null}}}}}},"gauges":{"WinTicTacToe.CumulativeReward":{"count":16044,"max":1,"min":-1,"runningAverage":0.0311019924,"value":1,"weightedAverage":0.3917286}},"metadata":{"timer_format_version":"0.1.0","start_time_seconds":"1644860913","unity_version":"2021.1.12f1","command_line_arguments":"C:\\Program Files\\Unity\\Hub\\Editor\\2021.1.12f1\\Editor\\Unity.exe -projectpath C:\/Users\/s1706262\/Desktop\/Masters\/MachineLearningAssignment -useHub -hubIPC -cloudEnvironment production -hubSessionId eda0db50-8d8d-11ec-a49d-53957f236d92 -accessToken 8rzUFfuu81M3cCptDNYzcs-6McByS-LV5tGbFpUl8aA005f","communication_protocol_version":"1.5.0","com.unity.ml-agents_version":"2.0.1","scene_name":"TicTacToe","end_time_seconds":"1644861189"}}