{"count":1,"self":297.4393088,"total":712.3611883,"children":{"InitializeActuators":{"count":2,"self":0.0009991,"total":0.0009991,"children":null},"InitializeSensors":{"count":2,"self":0.0039958,"total":0.0039958,"children":null},"AgentSendState":{"count":2009517,"self":4.9285375999999994,"total":8.5635865999999989,"children":{"CollectObservations":{"count":56539,"self":0.228952,"total":0.228952,"children":null},"WriteActionMask":{"count":56539,"self":0.29320999999999997,"total":0.29320999999999997,"children":null},"RequestDecision":{"count":56539,"self":0.64211869999999993,"total":3.1128869999999997,"children":{"AgentInfo.ToProto":{"count":56539,"self":0.6737323,"total":2.4707683,"children":{"GenerateSensorData":{"count":56539,"self":1.7970359999999999,"total":1.7970359999999999,"children":null}}}}}}},"DecideAction":{"count":2009517,"self":389.97393919999996,"total":389.9739505,"children":null},"AgentAct":{"count":2009517,"self":14.15756,"total":16.3783544,"children":{"AgentInfo.ToProto":{"count":56541,"self":0.61064129999999994,"total":2.2207950999999997,"children":{"GenerateSensorData":{"count":56541,"self":1.6101538,"total":1.6101538,"children":null}}}}}},"gauges":{"WinTicTacToe.CumulativeReward":{"count":56541,"max":1,"min":-1,"runningAverage":0.009134784,"value":0,"weightedAverage":0.0865282}},"metadata":{"timer_format_version":"0.1.0","start_time_seconds":"1652516968","unity_version":"2021.1.12f1","command_line_arguments":"C:\\Program Files\\Unity\\Hub\\Editor\\2021.1.12f1\\Editor\\Unity.exe -projectpath C:\/Users\/s1706262\/Desktop\/Masters\/MachineLearningAssignment -useHub -hubIPC -cloudEnvironment production -hubSessionId b8faf840-d298-11ec-880d-43b4132624bd -accessToken iadHqxBTZkG1Yuweeyg3ZGTuWL02grPbVuYT2ndVnkk005f","communication_protocol_version":"1.5.0","com.unity.ml-agents_version":"2.0.1","scene_name":"TicTacToeTrain","end_time_seconds":"1652517681"}}