{
    "name": "root",
    "metadata": {
        "timer_format_version": "0.1.0",
        "start_time_seconds": "1646755154",
        "python_version": "3.9.6 (tags/v3.9.6:db3ff76, Jun 28 2021, 15:26:21) [MSC v.1929 64 bit (AMD64)]",
        "command_line_arguments": "C:\\Users\\s1706262\\Desktop\\Masters\\MachineLearningAssignment\\venv\\Scripts\\mlagents-learn --force",
        "mlagents_version": "0.28.0",
        "mlagents_envs_version": "0.28.0",
        "communication_protocol_version": "1.5.0",
        "pytorch_version": "1.10.2+cu113",
        "numpy_version": "1.22.2",
        "end_time_seconds": "1646755231"
    },
    "total": 76.9190832,
    "count": 1,
    "self": 0.0046440999999930455,
    "children": {
        "run_training.setup": {
            "total": 0.03464920000000005,
            "count": 1,
            "self": 0.03464920000000005
        },
        "TrainerController.start_learning": {
            "total": 76.8797899,
            "count": 1,
            "self": 0.007424699999972972,
            "children": {
                "TrainerController._reset_env": {
                    "total": 11.165545400000001,
                    "count": 1,
                    "self": 11.165545400000001
                },
                "TrainerController.advance": {
                    "total": 65.61393620000003,
                    "count": 667,
                    "self": 0.006948899999997593,
                    "children": {
                        "env_step": {
                            "total": 65.56892670000003,
                            "count": 667,
                            "self": 64.24942300000002,
                            "children": {
                                "SubprocessEnvManager._take_step": {
                                    "total": 1.315032199999992,
                                    "count": 667,
                                    "self": 0.02067519999998524,
                                    "children": {
                                        "TorchPolicy.evaluate": {
                                            "total": 1.2943570000000069,
                                            "count": 667,
                                            "self": 0.3662401000000166,
                                            "children": {
                                                "TorchPolicy.sample_actions": {
                                                    "total": 0.9281168999999903,
                                                    "count": 667,
                                                    "self": 0.9281168999999903
                                                }
                                            }
                                        }
                                    }
                                },
                                "workers": {
                                    "total": 0.004471500000022388,
                                    "count": 666,
                                    "self": 0.0,
                                    "children": {
                                        "worker_root": {
                                            "total": 5.255226100000012,
                                            "count": 666,
                                            "is_parallel": true,
                                            "self": 2.94570480000003,
                                            "children": {
                                                "steps_from_proto": {
                                                    "total": 0.0003419000000004502,
                                                    "count": 1,
                                                    "is_parallel": true,
                                                    "self": 0.00018969999999995935,
                                                    "children": {
                                                        "_process_rank_one_or_two_observation": {
                                                            "total": 0.00015220000000049083,
                                                            "count": 2,
                                                            "is_parallel": true,
                                                            "self": 0.00015220000000049083
                                                        }
                                                    }
                                                },
                                                "UnityEnvironment.step": {
                                                    "total": 2.309179399999982,
                                                    "count": 666,
                                                    "is_parallel": true,
                                                    "self": 0.027666399999988656,
                                                    "children": {
                                                        "UnityEnvironment._generate_step_input": {
                                                            "total": 0.024320299999999406,
                                                            "count": 666,
                                                            "is_parallel": true,
                                                            "self": 0.024320299999999406
                                                        },
                                                        "communicator.exchange": {
                                                            "total": 2.155949599999957,
                                                            "count": 666,
                                                            "is_parallel": true,
                                                            "self": 2.155949599999957
                                                        },
                                                        "steps_from_proto": {
                                                            "total": 0.10124310000003689,
                                                            "count": 666,
                                                            "is_parallel": true,
                                                            "self": 0.06635510000003642,
                                                            "children": {
                                                                "_process_rank_one_or_two_observation": {
                                                                    "total": 0.034888000000000474,
                                                                    "count": 1332,
                                                                    "is_parallel": true,
                                                                    "self": 0.034888000000000474
                                                                }
                                                            }
                                                        }
                                                    }
                                                }
                                            }
                                        }
                                    }
                                }
                            }
                        },
                        "trainer_advance": {
                            "total": 0.03806059999999434,
                            "count": 666,
                            "self": 0.00899350000002741,
                            "children": {
                                "process_trajectory": {
                                    "total": 0.029067099999966928,
                                    "count": 666,
                                    "self": 0.029067099999966928
                                }
                            }
                        }
                    }
                },