{
    "name": "root",
    "metadata": {
        "timer_format_version": "0.1.0",
        "start_time_seconds": "1644856096",
        "python_version": "3.9.6 (tags/v3.9.6:db3ff76, Jun 28 2021, 15:26:21) [MSC v.1929 64 bit (AMD64)]",
        "command_line_arguments": "C:\\Users\\s1706262\\Desktop\\Masters\\MachineLearningAssignment\\venv\\Scripts\\mlagents-learn --force",
        "mlagents_version": "0.28.0",
        "mlagents_envs_version": "0.28.0",
        "communication_protocol_version": "1.5.0",
        "pytorch_version": "1.10.2+cu113",
        "numpy_version": "1.22.2",
        "end_time_seconds": "1644856208"
    },
    "total": 112.1013294,
    "count": 1,
    "self": 0.004660999999998694,
    "children": {
        "run_training.setup": {
            "total": 0.04037159999999984,
            "count": 1,
            "self": 0.04037159999999984
        },
        "TrainerController.start_learning": {
            "total": 112.0562968,
            "count": 1,
            "self": 0.05756549999962601,
            "children": {
                "TrainerController._reset_env": {
                    "total": 15.055155500000001,
                    "count": 1,
                    "self": 15.055155500000001
                },
                "TrainerController.advance": {
                    "total": 96.84979890000037,
                    "count": 3877,
                    "self": 0.04804680000023609,
                    "children": {
                        "env_step": {
                            "total": 94.22844960000009,
                            "count": 3877,
                            "self": 90.45145190000028,
                            "children": {
                                "SubprocessEnvManager._take_step": {
                                    "total": 3.7458265999997202,
                                    "count": 3877,
                                    "self": 0.08564009999959765,
                                    "children": {
                                        "TorchPolicy.evaluate": {
                                            "total": 3.6601865000001226,
                                            "count": 1938,
                                            "self": 1.4636136000000128,
                                            "children": {
                                                "TorchPolicy.sample_actions": {
                                                    "total": 2.1965729000001097,
                                                    "count": 1938,
                                                    "self": 2.1965729000001097
                                                }
                                            }
                                        }
                                    }
                                },
                                "workers": {
                                    "total": 0.031171100000083385,
                                    "count": 3876,
                                    "self": 0.0,
                                    "children": {
                                        "worker_root": {
                                            "total": 36.520415399999784,
                                            "count": 3876,
                                            "is_parallel": true,
                                            "self": 10.11313890000012,
                                            "children": {
                                                "steps_from_proto": {
                                                    "total": 0.00026829999999833376,
                                                    "count": 2,
                                                    "is_parallel": true,
                                                    "self": 0.00012159999999816762,
                                                    "children": {
                                                        "_process_rank_one_or_two_observation": {
                                                            "total": 0.00014670000000016614,
                                                            "count": 4,
                                                            "is_parallel": true,
                                                            "self": 0.00014670000000016614
                                                        }
                                                    }
                                                },
                                                "UnityEnvironment.step": {
                                                    "total": 26.407008199999666,
                                                    "count": 3876,
                                                    "is_parallel": true,
                                                    "self": 0.2850858999997783,
                                                    "children": {
                                                        "UnityEnvironment._generate_step_input": {
                                                            "total": 0.12098849999983052,
                                                            "count": 3876,
                                                            "is_parallel": true,
                                                            "self": 0.12098849999983052
                                                        },
                                                        "communicator.exchange": {
                                                            "total": 25.273206799999922,
                                                            "count": 3876,
                                                            "is_parallel": true,
                                                            "self": 25.273206799999922
                                                        },
                                                        "steps_from_proto": {
                                                            "total": 0.7277270000001383,
                                                            "count": 7752,
                                                            "is_parallel": true,
                                                            "self": 0.4554595000001598,
                                                            "children": {
                                                                "_process_rank_one_or_two_observation": {
                                                                    "total": 0.27226749999997857,
                                                                    "count": 15504,
                                                                    "is_parallel": true,
                                                                    "self": 0.27226749999997857
                                                                }
                                                            }
                                                        }
                                                    }
                                                }
                                            }
                                        }
                                    }
                                }
                            }
                        },
                        "trainer_advance": {
                            "total": 2.5733025000000325,
                            "count": 3876,
                            "self": 0.05363359999977391,
                            "children": {
                                "process_trajectory": {
                                    "total": 2.5196689000002586,
                                    "count": 3876,